spend_date,channel_id,spend,impressions,clicks
2026-01-01,1,405.87,6366,1149
2026-01-01,2,355.01,11035,1284
2026-01-01,3,53.13,1229,717
2026-01-01,4,0.0,1073,760
2026-01-01,5,188.34,3310,355
2026-01-01,6,28.8,1787,965
2026-01-02,1,340.31,12255,1427
2026-01-02,2,327.32,8406,1325
2026-01-02,3,56.64,878,681
2026-01-02,4,0.0,901,650
2026-01-02,5,182.38,2640,461
2026-01-02,6,42.07,1772,827
2026-01-03,1,416.73,12253,1305
2026-01-03,2,364.29,8629,1201
2026-01-03,3,45.65,750,583
2026-01-03,4,0.0,1114,778
2026-01-03,5,198.13,3198,452
2026-01-03,6,40.5,1310,1060
2026-01-04,1,506.64,14294,1394
2026-01-04,2,342.68,9103,1449
2026-01-04,3,48.57,888,691
2026-01-04,4,0.0,992,716
2026-01-04,5,171.39,2752,372
2026-01-04,6,44.26,1665,1110
2026-01-05,1,494.19,10016,1101
2026-01-05,2,419.78,11140,1423
2026-01-05,3,36.71,1050,722
2026-01-05,4,0.0,1764,944
2026-01-05,5,175.99,2961,422
2026-01-05,6,37.98,1248,955
2026-01-06,1,436.68,16099,1591
2026-01-06,2,434.95,7565,1111
2026-01-06,3,55.23,1419,705
2026-01-06,4,0.0,1653,949
2026-01-06,5,181.26,2446,356
2026-01-06,6,29.37,2467,1237
2026-01-07,1,427.17,8923,1270
2026-01-07,2,416.02,6029,1182
2026-01-07,3,50.47,805,533
2026-01-07,4,0.0,1517,869
2026-01-07,5,234.82,2384,349
2026-01-07,6,34.46,1551,1107
2026-01-08,1,413.48,9487,1315
2026-01-08,2,363.39,9448,1102
2026-01-08,3,39.37,1133,780
2026-01-08,4,0.0,1004,776
2026-01-08,5,184.83,2212,332
2026-01-08,6,35.77,1875,919
2026-01-09,1,436.65,6569,1080
2026-01-09,2,464.95,10376,1102
2026-01-09,3,51.94,1241,707
2026-01-09,4,0.0,1299,696
2026-01-09,5,201.8,3811,377
2026-01-09,6,36.73,1565,939
2026-01-10,1,382.84,11406,1357
2026-01-10,2,433.97,12087,1498
2026-01-10,3,49.98,1000,742
2026-01-10,4,0.0,1145,759
2026-01-10,5,180.51,2314,401
2026-01-10,6,46.96,1770,971
2026-01-11,1,585.85,9391,1390
2026-01-11,2,367.31,9265,1164
2026-01-11,3,40.61,1207,746
2026-01-11,4,0.0,1329,890
2026-01-11,5,223.89,4193,413
2026-01-11,6,46.08,2329,1265
2026-01-12,1,535.53,12351,1721
2026-01-12,2,391.96,5597,1040
2026-01-12,3,45.97,847,607
2026-01-12,4,0.0,1289,749
2026-01-12,5,213.31,4897,500
2026-01-12,6,39.07,1784,1240
2026-01-13,1,408.73,9194,1344
2026-01-13,2,423.13,9700,1207
2026-01-13,3,52.13,1012,604
2026-01-13,4,0.0,1279,871
2026-01-13,5,201.38,2671,473
2026-01-13,6,44.56,1754,944
2026-01-14,1,430.18,9963,1624
2026-01-14,2,439.7,10648,1263
2026-01-14,3,61.45,1234,801
2026-01-14,4,0.0,1236,740
2026-01-14,5,224.66,3087,396
2026-01-14,6,38.96,2478,1315
2026-01-15,1,430.97,9380,1606
2026-01-15,2,496.63,11964,1651
2026-01-15,3,59.52,1234,754
2026-01-15,4,0.0,1245,881
2026-01-15,5,239.08,3493,419
2026-01-15,6,38.04,1729,1103
2026-01-16,1,530.81,9989,1327
2026-01-16,2,447.97,8064,1026
2026-01-16,3,62.78,1239,603
2026-01-16,4,0.0,1626,888
2026-01-16,5,206.17,4639,540
2026-01-16,6,44.13,1486,1110
2026-01-17,1,405.82,12639,1290
2026-01-17,2,384.1,11019,1362
2026-01-17,3,47.57,836,677
2026-01-17,4,0.0,1654,826
2026-01-17,5,167.19,2725,497
2026-01-17,6,48.19,1881,989
2026-01-18,1,526.9,10677,1448
2026-01-18,2,498.49,9665,1306
2026-01-18,3,58.49,1298,620
2026-01-18,4,0.0,1394,993
2026-01-18,5,170.0,2825,383
2026-01-18,6,48.43,1748,1335
2026-01-19,1,465.84,16048,1848
2026-01-19,2,331.83,8289,1430
2026-01-19,3,55.23,1456,818
2026-01-19,4,0.0,1134,842
2026-01-19,5,216.3,3894,567
2026-01-19,6,42.67,2272,1113
2026-01-20,1,575.41,11223,1644
2026-01-20,2,450.74,8482,1373
2026-01-20,3,50.57,1549,836
2026-01-20,4,0.0,1728,1006
2026-01-20,5,171.43,4975,494
2026-01-20,6,46.81,2724,1293
2026-01-21,1,571.38,12516,1506
2026-01-21,2,357.09,11043,1622
2026-01-21,3,48.31,1204,591
2026-01-21,4,0.0,1058,738
2026-01-21,5,163.73,4518,469
2026-01-21,6,45.25,1507,1131
2026-01-22,1,437.76,14411,1649
2026-01-22,2,490.65,8136,1092
2026-01-22,3,41.02,1302,690
2026-01-22,4,0.0,2144,1049
2026-01-22,5,229.23,4434,458
2026-01-22,6,45.65,2119,1277
2026-01-23,1,479.26,7965,1528
2026-01-23,2,492.55,7284,1168
2026-01-23,3,63.9,1183,779
2026-01-23,4,0.0,1825,896
2026-01-23,5,169.15,2941,364
2026-01-23,6,41.52,1910,1309
2026-01-24,1,390.67,9327,1291
2026-01-24,2,501.36,8629,1253
2026-01-24,3,63.72,1272,772
2026-01-24,4,0.0,2299,1067
2026-01-24,5,225.0,2752,378
2026-01-24,6,36.95,2242,1275
2026-01-25,1,564.01,16522,1676
2026-01-25,2,425.9,12272,1424
2026-01-25,3,41.13,987,722
2026-01-25,4,0.0,2006,1005
2026-01-25,5,200.95,4158,468
2026-01-25,6,49.4,2249,1267
2026-01-26,1,607.93,9072,1577
2026-01-26,2,330.89,14174,1507
2026-01-26,3,61.64,910,747
2026-01-26,4,0.0,936,771
2026-01-26,5,207.1,4670,538
2026-01-26,6,45.93,1497,959
2026-01-27,1,629.16,12549,1377
2026-01-27,2,333.96,12389,1459
2026-01-27,3,58.1,1441,810
2026-01-27,4,0.0,1319,947
2026-01-27,5,236.25,3936,550
2026-01-27,6,39.23,2093,1035
2026-01-28,1,581.54,9143,1286
2026-01-28,2,375.1,8195,1264
2026-01-28,3,63.74,1723,785
2026-01-28,4,0.0,1521,969
2026-01-28,5,189.41,2645,340
2026-01-28,6,48.87,1418,1148
2026-01-29,1,519.51,13469,1837
2026-01-29,2,388.86,10710,966
2026-01-29,3,56.21,864,672
2026-01-29,4,0.0,1297,841
2026-01-29,5,254.28,2446,430
2026-01-29,6,36.77,1687,1077
2026-01-30,1,482.27,10374,1554
2026-01-30,2,408.79,8093,1179
2026-01-30,3,47.64,908,609
2026-01-30,4,0.0,1303,979
2026-01-30,5,182.33,3562,551
2026-01-30,6,37.44,2363,1253
2026-01-31,1,612.42,13099,1620
2026-01-31,2,330.91,13064,1440
2026-01-31,3,59.56,1315,619
2026-01-31,4,0.0,1795,866
2026-01-31,5,173.89,2390,380
2026-01-31,6,38.81,1283,1025
2026-02-01,1,512.86,8505,1631
2026-02-01,2,334.66,12969,1256
2026-02-01,3,57.62,884,602
2026-02-01,4,0.0,1734,875
2026-02-01,5,193.46,4154,475
2026-02-01,6,30.8,1461,1022
2026-02-02,1,435.3,8479,1472
2026-02-02,2,482.28,12139,1726
2026-02-02,3,40.52,813,605
2026-02-02,4,0.0,1370,981
2026-02-02,5,198.43,2695,370
2026-02-02,6,40.2,1371,1029
2026-02-03,1,546.14,9898,1508
2026-02-03,2,367.52,11373,1366
2026-02-03,3,51.19,1334,613
2026-02-03,4,0.0,1957,1039
2026-02-03,5,256.37,3340,408
2026-02-03,6,46.37,1719,1298
2026-02-04,1,598.17,6927,1111
2026-02-04,2,501.58,9196,1114
2026-02-04,3,39.97,1566,737
2026-02-04,4,0.0,1045,708
2026-02-04,5,166.35,2798,440
2026-02-04,6,46.44,2135,1321
2026-02-05,1,547.37,14164,1849
2026-02-05,2,315.46,10140,1076
2026-02-05,3,44.86,1024,574
2026-02-05,4,0.0,1345,879
2026-02-05,5,215.3,3134,498
2026-02-05,6,47.64,2276,1276
2026-02-06,1,590.85,8771,1473
2026-02-06,2,472.03,8152,1219
2026-02-06,3,61.9,1234,571
2026-02-06,4,0.0,1858,995
2026-02-06,5,188.91,3129,474
2026-02-06,6,37.53,1732,1068
2026-02-07,1,475.64,8922,1760
2026-02-07,2,448.55,12921,1541
2026-02-07,3,62.65,1051,662
2026-02-07,4,0.0,1999,951
2026-02-07,5,247.16,3048,359
2026-02-07,6,32.19,1974,1059
2026-02-08,1,555.41,14307,1641
2026-02-08,2,411.62,7225,1074
2026-02-08,3,46.41,950,774
2026-02-08,4,0.0,1141,744
2026-02-08,5,188.98,3705,489
2026-02-08,6,42.36,1544,940
2026-02-09,1,434.94,10363,1457
2026-02-09,2,388.4,11280,1201
2026-02-09,3,41.72,717,579
2026-02-09,4,0.0,1578,974
2026-02-09,5,237.56,2623,414
2026-02-09,6,30.51,2107,1047
2026-02-10,1,360.37,14231,1632
2026-02-10,2,366.58,8312,1402
2026-02-10,3,61.75,1522,750
2026-02-10,4,0.0,2152,980
2026-02-10,5,200.27,2077,389
2026-02-10,6,38.99,2195,1252
2026-02-11,1,371.64,11882,1811
2026-02-11,2,438.28,14208,1327
2026-02-11,3,60.27,809,545
2026-02-11,4,0.0,1707,881
2026-02-11,5,154.81,3129,350
2026-02-11,6,28.87,2090,1279
2026-02-12,1,525.78,9111,1316
2026-02-12,2,335.64,8357,1063
2026-02-12,3,45.19,1143,632
2026-02-12,4,0.0,1573,729
2026-02-12,5,244.09,3065,370
2026-02-12,6,28.74,1223,995
2026-02-13,1,500.82,8590,1629
2026-02-13,2,346.85,14217,1459
2026-02-13,3,41.15,1394,726
2026-02-13,4,0.0,1119,814
2026-02-13,5,193.15,2448,435
2026-02-13,6,41.42,1931,953
2026-02-14,1,418.23,13253,1640
2026-02-14,2,302.91,6899,1187
2026-02-14,3,55.59,1203,751
2026-02-14,4,0.0,1200,714
2026-02-14,5,153.4,3482,376
2026-02-14,6,46.37,1811,1076
2026-02-15,1,536.4,7983,1271
2026-02-15,2,406.77,9018,939
2026-02-15,3,51.03,692,573
2026-02-15,4,0.0,1552,950
2026-02-15,5,144.26,2401,432
2026-02-15,6,36.92,2090,1186
2026-02-16,1,438.78,14741,1404
2026-02-16,2,410.52,9783,1368
2026-02-16,3,45.78,894,658
2026-02-16,4,0.0,1961,894
2026-02-16,5,196.67,2230,372
2026-02-16,6,43.16,1245,980
2026-02-17,1,345.83,11358,1667
2026-02-17,2,302.68,10529,1313
2026-02-17,3,49.11,1592,760
2026-02-17,4,0.0,934,744
2026-02-17,5,202.94,2626,467
2026-02-17,6,41.36,2531,1170
2026-02-18,1,511.28,8270,1569
2026-02-18,2,413.05,11713,1256
2026-02-18,3,54.64,992,520
2026-02-18,4,0.0,926,625
2026-02-18,5,199.39,3529,503
2026-02-18,6,33.16,1363,864
2026-02-19,1,409.95,10325,1441
2026-02-19,2,431.96,10773,1217
2026-02-19,3,36.88,1120,602
2026-02-19,4,0.0,1161,633
2026-02-19,5,169.28,2409,358
2026-02-19,6,31.34,1840,901
2026-02-20,1,374.86,7585,1173
2026-02-20,2,308.28,8196,1153
2026-02-20,3,55.21,1321,701
2026-02-20,4,0.0,857,620
2026-02-20,5,224.49,2088,299
2026-02-20,6,34.6,1418,984
2026-02-21,1,347.94,14825,1567
2026-02-21,2,335.25,4965,932
2026-02-21,3,51.37,876,637
2026-02-21,4,0.0,1892,889
2026-02-21,5,178.29,4115,463
2026-02-21,6,38.66,1215,1013
2026-02-22,1,481.49,6065,1125
2026-02-22,2,370.72,8989,1012
2026-02-22,3,36.29,1572,726
2026-02-22,4,0.0,1298,698
2026-02-22,5,208.7,2654,350
2026-02-22,6,29.62,1238,805
2026-02-23,1,420.97,12391,1273
2026-02-23,2,386.17,8276,1084
2026-02-23,3,33.03,997,710
2026-02-23,4,0.0,1140,638
2026-02-23,5,168.27,2117,347
2026-02-23,6,40.13,1925,959
2026-02-24,1,512.79,10418,1254
2026-02-24,2,258.26,9094,1352
2026-02-24,3,51.18,1471,711
2026-02-24,4,0.0,1540,776
2026-02-24,5,177.85,2890,353
2026-02-24,6,34.08,1360,919
2026-02-25,1,457.9,7675,1546
2026-02-25,2,328.64,11758,1207
2026-02-25,3,35.05,1264,575
2026-02-25,4,0.0,1126,798
2026-02-25,5,190.08,3336,431
2026-02-25,6,29.23,1233,801
2026-02-26,1,458.81,12544,1139
2026-02-26,2,334.62,8131,864
2026-02-26,3,50.36,1075,551
2026-02-26,4,0.0,861,680
2026-02-26,5,151.64,3704,426
2026-02-26,6,35.35,1743,889
2026-02-27,1,405.06,13364,1487
2026-02-27,2,382.11,8598,1154
2026-02-27,3,34.57,927,474
2026-02-27,4,0.0,1597,836
2026-02-27,5,150.27,3211,343
2026-02-27,6,26.23,1972,971
2026-02-28,1,326.25,9556,980
2026-02-28,2,362.71,5817,1083
2026-02-28,3,35.69,1360,650
2026-02-28,4,0.0,923,631
2026-02-28,5,153.04,3520,323
2026-02-28,6,38.18,1559,730
2026-03-01,1,303.3,7417,933
2026-03-01,2,276.41,8210,951
2026-03-01,3,45.84,722,570
2026-03-01,4,0.0,1659,763
2026-03-01,5,183.78,3434,375
2026-03-01,6,28.51,2105,979
2026-03-02,1,309.18,6810,981
2026-03-02,2,318.51,7963,810
2026-03-02,3,50.43,769,482
2026-03-02,4,0.0,1435,789
2026-03-02,5,121.68,2218,385
2026-03-02,6,30.16,1399,1030
2026-03-03,1,326.55,9835,1231
2026-03-03,2,264.72,6563,871
2026-03-03,3,34.03,1005,513
2026-03-03,4,0.0,1172,553
2026-03-03,5,139.31,3065,401
2026-03-03,6,29.63,1263,777
2026-03-04,1,468.63,7006,1032
2026-03-04,2,371.05,6868,971
2026-03-04,3,30.14,802,512
2026-03-04,4,0.0,1489,709
2026-03-04,5,169.39,1867,318
2026-03-04,6,33.63,1514,955
2026-03-05,1,310.5,6212,837
2026-03-05,2,307.34,9471,983
2026-03-05,3,36.54,780,575
2026-03-05,4,0.0,1129,692
2026-03-05,5,195.87,2825,360
2026-03-05,6,29.51,1431,756
2026-03-06,1,357.76,6574,1035
2026-03-06,2,293.4,10074,1025
2026-03-06,3,38.44,720,462
2026-03-06,4,0.0,944,546
2026-03-06,5,178.23,2147,369
2026-03-06,6,24.63,1319,863
2026-03-07,1,332.85,10285,1248
2026-03-07,2,373.29,7191,856
2026-03-07,3,31.57,796,546
2026-03-07,4,0.0,780,556
2026-03-07,5,133.01,2632,334
2026-03-07,6,36.12,1997,909
2026-03-08,1,437.56,6336,994
2026-03-08,2,318.35,9734,1165
2026-03-08,3,41.2,937,620
2026-03-08,4,0.0,1049,518
2026-03-08,5,168.74,2260,277
2026-03-08,6,36.12,1642,801
2026-03-09,1,320.26,7060,944
2026-03-09,2,316.8,4884,879
2026-03-09,3,34.96,722,467
2026-03-09,4,0.0,1138,731
2026-03-09,5,180.1,2249,343
2026-03-09,6,35.52,1307,783
2026-03-10,1,409.28,6803,1041
2026-03-10,2,341.99,6819,774
2026-03-10,3,40.91,758,457
2026-03-10,4,0.0,1351,639
2026-03-10,5,154.99,3099,286
2026-03-10,6,31.27,1361,698
2026-03-11,1,335.3,7885,1160
2026-03-11,2,228.17,6501,1124
2026-03-11,3,43.64,594,469
2026-03-11,4,0.0,1068,676
2026-03-11,5,141.76,3064,339
2026-03-11,6,30.81,859,667
2026-03-12,1,380.01,9368,1070
2026-03-12,2,255.29,8685,853
2026-03-12,3,45.6,757,579
2026-03-12,4,0.0,1422,686
2026-03-12,5,141.52,2283,315
2026-03-12,6,28.98,1605,811
2026-03-13,1,314.44,6582,1141
2026-03-13,2,313.79,7777,988
2026-03-13,3,40.49,630,491
2026-03-13,4,0.0,1106,565
2026-03-13,5,113.24,2794,416
2026-03-13,6,24.28,1022,692
2026-03-14,1,274.89,7880,894
2026-03-14,2,279.91,6615,739
2026-03-14,3,32.08,962,449
2026-03-14,4,0.0,924,697
2026-03-14,5,178.62,2964,294
2026-03-14,6,26.43,1589,861
2026-03-15,1,279.82,9065,1127
2026-03-15,2,341.73,6703,1092
2026-03-15,3,37.53,989,465
2026-03-15,4,0.0,1037,504
2026-03-15,5,120.6,2457,278
2026-03-15,6,24.16,1857,958
2026-03-16,1,300.84,8627,1393
2026-03-16,2,243.34,4623,883
2026-03-16,3,31.73,800,587
2026-03-16,4,0.0,959,576
2026-03-16,5,160.48,2740,327
2026-03-16,6,21.88,1077,837
2026-03-17,1,359.23,9046,1217
2026-03-17,2,297.29,8790,978
2026-03-17,3,35.01,745,520
2026-03-17,4,0.0,1056,593
2026-03-17,5,142.09,2038,321
2026-03-17,6,31.95,1397,928
2026-03-18,1,360.59,10633,971
2026-03-18,2,320.26,7713,1140
2026-03-18,3,32.07,592,460
2026-03-18,4,0.0,1130,744
2026-03-18,5,113.93,3161,350
2026-03-18,6,30.05,1630,912
2026-03-19,1,296.72,7258,1120
2026-03-19,2,319.02,4610,833
2026-03-19,3,31.22,1072,574
2026-03-19,4,0.0,1539,714
2026-03-19,5,162.95,2307,310
2026-03-19,6,22.71,1111,689
2026-03-20,1,297.42,7563,871
2026-03-20,2,237.98,5704,874
2026-03-20,3,29.82,1013,539
2026-03-20,4,0.0,1199,703
2026-03-20,5,163.06,1977,330
2026-03-20,6,21.89,1027,709
2026-03-21,1,440.83,6399,948
2026-03-21,2,310.44,6797,840
2026-03-21,3,39.81,931,601
2026-03-21,4,0.0,968,534
2026-03-21,5,150.55,2080,317
2026-03-21,6,24.0,1349,655
2026-03-22,1,283.3,8115,1052
2026-03-22,2,265.23,8219,820
2026-03-22,3,28.5,889,555
2026-03-22,4,0.0,1446,659
2026-03-22,5,136.94,3364,368
2026-03-22,6,28.83,834,681
2026-03-23,1,354.6,11471,1272
2026-03-23,2,290.71,6526,926
2026-03-23,3,29.01,881,614
2026-03-23,4,0.0,1262,664
2026-03-23,5,142.43,2424,293
2026-03-23,6,34.75,1286,657
2026-03-24,1,440.05,7439,1206
2026-03-24,2,287.92,6777,913
2026-03-24,3,32.88,1160,537
2026-03-24,4,0.0,861,653
2026-03-24,5,131.61,2354,371
2026-03-24,6,25.43,886,681
2026-03-25,1,383.35,6820,923
2026-03-25,2,317.45,4431,905
2026-03-25,3,46.83,839,425
2026-03-25,4,0.0,1228,686
2026-03-25,5,178.91,3674,364
2026-03-25,6,34.7,1552,743
2026-03-26,1,416.95,9739,1273
2026-03-26,2,363.94,4837,961
2026-03-26,3,46.39,616,492
2026-03-26,4,0.0,1159,581
2026-03-26,5,184.25,1813,344
2026-03-26,6,27.28,1359,671
2026-03-27,1,384.09,6854,1036
2026-03-27,2,347.09,6551,956
2026-03-27,3,41.02,895,424
2026-03-27,4,0.0,735,559
2026-03-27,5,185.8,2127,311
2026-03-27,6,33.35,1455,693
2026-03-28,1,341.52,9487,1134
2026-03-28,2,373.57,11285,1246
2026-03-28,3,31.32,1027,572
2026-03-28,4,0.0,844,573
2026-03-28,5,163.16,2052,335
2026-03-28,6,36.69,1671,858
2026-03-29,1,402.13,5550,1045
2026-03-29,2,293.38,7498,1271
2026-03-29,3,37.14,1186,621
2026-03-29,4,0.0,984,586
2026-03-29,5,139.62,1603,268
2026-03-29,6,27.42,1689,944
2026-03-30,1,306.57,9010,874
2026-03-30,2,274.12,5982,811
2026-03-30,3,43.05,917,644
2026-03-30,4,0.0,1096,608
2026-03-30,5,148.46,3527,393
2026-03-30,6,35.19,1613,756
2026-03-31,1,397.44,9935,1292
2026-03-31,2,247.2,9587,1086
2026-03-31,3,48.23,848,483
2026-03-31,4,0.0,1051,696
2026-03-31,5,141.22,3031,319
2026-03-31,6,24.78,1138,724
2026-04-01,1,447.47,5424,1059
2026-04-01,2,272.51,9765,1068
2026-04-01,3,48.01,896,498
2026-04-01,4,0.0,972,795
2026-04-01,5,147.29,3574,362
2026-04-01,6,23.8,1614,1010
2026-04-02,1,400.06,10622,1107
2026-04-02,2,275.06,7527,858
2026-04-02,3,47.25,1051,550
2026-04-02,4,0.0,1200,550
2026-04-02,5,130.12,3648,431
2026-04-02,6,37.5,1327,834
2026-04-03,1,424.49,6859,1091
2026-04-03,2,272.11,11801,1104
2026-04-03,3,35.56,1137,625
2026-04-03,4,0.0,950,702
2026-04-03,5,189.6,2251,360
2026-04-03,6,24.28,1911,958
2026-04-04,1,452.74,12653,1432
2026-04-04,2,382.04,8215,975
2026-04-04,3,33.92,738,558
2026-04-04,4,0.0,1009,772
2026-04-04,5,124.51,2153,357
2026-04-04,6,28.54,1213,754
2026-04-05,1,467.32,8689,1077
2026-04-05,2,394.12,6842,1076
2026-04-05,3,40.77,850,484
2026-04-05,4,0.0,1386,702
2026-04-05,5,202.35,1842,336
2026-04-05,6,24.58,954,791
2026-04-06,1,325.11,12921,1255
2026-04-06,2,386.99,11169,1113
2026-04-06,3,40.96,1356,685
2026-04-06,4,0.0,1414,818
2026-04-06,5,141.16,2428,332
2026-04-06,6,40.86,1591,1059
2026-04-07,1,471.22,12234,1574
2026-04-07,2,291.04,7134,1366
2026-04-07,3,38.26,883,480
2026-04-07,4,0.0,1572,726
2026-04-07,5,152.21,3947,402
2026-04-07,6,29.1,1763,873
2026-04-08,1,424.28,12276,1535
2026-04-08,2,405.5,7757,1385
2026-04-08,3,44.24,1036,490
2026-04-08,4,0.0,1560,839
2026-04-08,5,148.81,4264,460
2026-04-08,6,29.01,1149,911
2026-04-09,1,513.73,6587,1222
2026-04-09,2,376.44,8541,994
2026-04-09,3,38.89,1299,592
2026-04-09,4,0.0,1171,649
2026-04-09,5,214.0,2959,354
2026-04-09,6,40.61,2017,949
2026-04-10,1,414.98,7981,1371
2026-04-10,2,357.98,9711,1228
2026-04-10,3,37.14,1203,695
2026-04-10,4,0.0,1155,771
2026-04-10,5,171.36,2234,397
2026-04-10,6,35.11,2088,1142
2026-04-11,1,359.74,10605,1308
2026-04-11,2,296.3,5849,1114
2026-04-11,3,37.53,814,604
2026-04-11,4,0.0,1206,839
2026-04-11,5,221.68,3519,404
2026-04-11,6,36.15,1752,1073
2026-04-12,1,495.64,10161,1390
2026-04-12,2,312.73,9296,996
2026-04-12,3,41.26,793,510
2026-04-12,4,0.0,993,623
2026-04-12,5,170.61,2858,355
2026-04-12,6,40.59,1075,843
2026-04-13,1,436.76,11364,1171
2026-04-13,2,424.56,9730,1139
2026-04-13,3,53.05,680,551
2026-04-13,4,0.0,1067,850
2026-04-13,5,222.38,3440,388
2026-04-13,6,36.93,1470,1105
2026-04-14,1,380.1,11503,1644
2026-04-14,2,348.59,6624,1135
2026-04-14,3,46.98,977,743
2026-04-14,4,0.0,957,656
2026-04-14,5,157.64,3295,380
2026-04-14,6,38.58,1519,1051
2026-04-15,1,554.07,9045,1139
2026-04-15,2,288.65,8728,1187
2026-04-15,3,52.21,829,549
2026-04-15,4,0.0,1964,897
2026-04-15,5,192.33,4274,451
2026-04-15,6,28.22,1982,1070
2026-04-16,1,457.61,10160,1208
2026-04-16,2,304.81,7505,1020
2026-04-16,3,43.91,843,541
2026-04-16,4,0.0,1628,910
2026-04-16,5,157.16,1846,327
2026-04-16,6,33.83,1845,866
2026-04-17,1,356.08,8140,1162
2026-04-17,2,433.17,7947,1129
2026-04-17,3,41.93,1104,702
2026-04-17,4,0.0,1536,746
2026-04-17,5,166.89,3472,457
2026-04-17,6,41.23,2596,1206
2026-04-18,1,427.31,11729,1453
2026-04-18,2,442.83,8271,1135
2026-04-18,3,37.48,1081,560
2026-04-18,4,0.0,1599,892
2026-04-18,5,200.44,3189,383
2026-04-18,6,31.16,1343,905
2026-04-19,1,411.28,16165,1656
2026-04-19,2,432.02,13160,1301
2026-04-19,3,49.85,1133,550
2026-04-19,4,0.0,1167,708
2026-04-19,5,167.08,3971,443
2026-04-19,6,35.99,2146,1026
2026-04-20,1,584.54,7915,1250
2026-04-20,2,430.13,8665,1244
2026-04-20,3,51.32,678,550
2026-04-20,4,0.0,1404,967
2026-04-20,5,214.05,2980,359
2026-04-20,6,38.12,2091,1123
2026-04-21,1,463.75,7004,1321
2026-04-21,2,473.19,7877,1228
2026-04-21,3,60.66,1215,744
2026-04-21,4,0.0,1353,690
2026-04-21,5,163.54,3446,528
2026-04-21,6,47.31,2123,1199
2026-04-22,1,384.79,11212,1368
2026-04-22,2,394.48,10142,966
2026-04-22,3,49.75,1086,627
2026-04-22,4,0.0,1325,780
2026-04-22,5,247.81,2607,393
2026-04-22,6,41.37,1081,887
2026-04-23,1,534.25,13009,1868
2026-04-23,2,347.53,9611,1191
2026-04-23,3,60.15,1256,810
2026-04-23,4,0.0,1686,776
2026-04-23,5,175.44,4776,541
2026-04-23,6,40.78,2533,1212
2026-04-24,1,397.62,13937,1448
2026-04-24,2,454.57,11103,1258
2026-04-24,3,46.19,1007,563
2026-04-24,4,0.0,1288,859
2026-04-24,5,207.25,2934,376
2026-04-24,6,38.57,1313,1003
2026-04-25,1,499.12,11184,1606
2026-04-25,2,311.98,7753,1458
2026-04-25,3,47.37,908,586
2026-04-25,4,0.0,1700,833
2026-04-25,5,175.03,4655,462
2026-04-25,6,43.87,2258,1250
2026-04-26,1,499.81,8529,1738
2026-04-26,2,454.95,9687,1366
2026-04-26,3,46.18,935,662
2026-04-26,4,0.0,1657,894
2026-04-26,5,162.25,2997,339
2026-04-26,6,45.01,2622,1213
2026-04-27,1,372.12,15761,1892
2026-04-27,2,443.89,9852,1261
2026-04-27,3,51.33,1177,732
2026-04-27,4,0.0,1995,930
2026-04-27,5,248.8,5322,583
2026-04-27,6,41.89,1700,1253
2026-04-28,1,448.44,14987,1456
2026-04-28,2,436.49,9413,1254
2026-04-28,3,48.95,1218,774
2026-04-28,4,0.0,996,791
2026-04-28,5,231.85,2701,516
2026-04-28,6,36.21,1460,1099
2026-04-29,1,539.2,13450,1468
2026-04-29,2,419.73,9109,1333
2026-04-29,3,54.21,1379,735
2026-04-29,4,0.0,1817,991
2026-04-29,5,240.97,2711,479
2026-04-29,6,38.8,1809,1253
2026-04-30,1,584.98,10610,1418
2026-04-30,2,413.55,8464,1045
2026-04-30,3,56.55,1812,853
2026-04-30,4,0.0,1734,876
2026-04-30,5,202.23,3478,463
2026-04-30,6,47.14,2013,1216
2026-05-01,1,614.05,11549,1600
2026-05-01,2,509.51,9079,1452
2026-05-01,3,58.21,1422,883
2026-05-01,4,0.0,1500,994
2026-05-01,5,258.03,5133,524
2026-05-01,6,51.7,2246,1221
2026-05-02,1,567.28,13325,1643
2026-05-02,2,469.27,12360,1359
2026-05-02,3,49.91,1392,909
2026-05-02,4,0.0,2062,949
2026-05-02,5,267.92,2710,504
2026-05-02,6,51.19,1642,1161
2026-05-03,1,498.76,9117,1585
2026-05-03,2,501.07,11894,1121
2026-05-03,3,60.92,1792,853
2026-05-03,4,0.0,1839,856
2026-05-03,5,176.41,2532,409
2026-05-03,6,48.51,1854,1044
2026-05-04,1,644.94,10952,1385
2026-05-04,2,393.53,9952,1582
2026-05-04,3,60.07,986,792
2026-05-04,4,0.0,1885,1028
2026-05-04,5,232.65,3026,458
2026-05-04,6,54.33,1795,1091
2026-05-05,1,510.66,14349,1616
2026-05-05,2,452.25,10753,1414
2026-05-05,3,48.25,1009,720
2026-05-05,4,0.0,1556,925
2026-05-05,5,205.69,3703,539
2026-05-05,6,53.9,1879,1223
2026-05-06,1,518.71,10691,1427
2026-05-06,2,506.5,10061,1480
2026-05-06,3,70.56,1136,764
2026-05-06,4,0.0,1605,894
2026-05-06,5,181.52,3179,557
2026-05-06,6,47.51,2010,1498
2026-05-07,1,537.52,10465,1864
2026-05-07,2,489.7,12780,1608
2026-05-07,3,67.77,1685,767
2026-05-07,4,0.0,1897,951
2026-05-07,5,203.72,3903,448
2026-05-07,6,42.44,1896,1320
2026-05-08,1,431.38,14302,1821
2026-05-08,2,499.33,12114,1265
2026-05-08,3,45.05,1150,700
2026-05-08,4,0.0,2230,1184
2026-05-08,5,213.89,5101,513
2026-05-08,6,49.72,2792,1296
2026-05-09,1,420.2,15635,1816
2026-05-09,2,365.03,10132,1275
2026-05-09,3,43.95,1568,788
2026-05-09,4,0.0,2061,951
2026-05-09,5,267.01,2191,372
2026-05-09,6,52.88,1719,1415
2026-05-10,1,626.68,20374,2094
2026-05-10,2,561.42,12475,1242
2026-05-10,3,47.58,1548,788
2026-05-10,4,0.0,1716,812
2026-05-10,5,288.44,3279,660
2026-05-10,6,56.26,2863,1347
2026-05-11,1,549.77,10156,1425
2026-05-11,2,378.75,8772,1369
2026-05-11,3,49.45,1769,936
2026-05-11,4,0.0,1346,1006
2026-05-11,5,287.3,4873,503
2026-05-11,6,54.36,2648,1516
2026-05-12,1,591.03,15743,1731
2026-05-12,2,482.71,7009,1193
2026-05-12,3,63.71,1567,737
2026-05-12,4,0.0,1130,790
2026-05-12,5,253.7,3401,425
2026-05-12,6,34.95,1562,1012
2026-05-13,1,565.0,10965,1667
2026-05-13,2,361.82,14471,1329
2026-05-13,3,68.32,1501,911
2026-05-13,4,0.0,1803,924
2026-05-13,5,189.02,3318,478
2026-05-13,6,43.8,1677,1078
2026-05-14,1,500.41,12237,1423
2026-05-14,2,367.95,11509,1806
2026-05-14,3,63.52,1216,761
2026-05-14,4,0.0,1372,864
2026-05-14,5,220.7,4380,539
2026-05-14,6,42.99,2704,1244
2026-05-15,1,446.02,11347,1589
2026-05-15,2,338.71,9064,1099
2026-05-15,3,63.75,1099,799
2026-05-15,4,0.0,1363,906
2026-05-15,5,247.96,2922,424
2026-05-15,6,43.56,2187,1119
2026-05-16,1,481.24,9927,1576
2026-05-16,2,521.36,8904,1307
2026-05-16,3,70.31,1478,785
2026-05-16,4,0.0,1159,934
2026-05-16,5,256.2,4014,513
2026-05-16,6,54.32,2760,1492
2026-05-17,1,623.26,14515,1731
2026-05-17,2,382.35,14424,1402
2026-05-17,3,58.63,1469,680
2026-05-17,4,0.0,1307,988
2026-05-17,5,272.02,4795,608
2026-05-17,6,37.62,2070,1207
2026-05-18,1,483.17,12402,1247
2026-05-18,2,503.02,9804,1622
2026-05-18,3,49.14,1374,763
2026-05-18,4,0.0,2089,969
2026-05-18,5,186.16,5751,569
2026-05-18,6,52.03,2388,1359
2026-05-19,1,615.63,14704,1382
2026-05-19,2,489.31,7804,1372
2026-05-19,3,56.38,1410,836
2026-05-19,4,0.0,1204,857
2026-05-19,5,206.32,3290,561
2026-05-19,6,37.8,1641,1254
2026-05-20,1,515.59,10753,1524
2026-05-20,2,460.57,7432,1181
2026-05-20,3,45.26,1829,918
2026-05-20,4,0.0,1681,788
2026-05-20,5,189.44,5269,589
2026-05-20,6,51.08,1663,990
2026-05-21,1,561.02,17996,1952
2026-05-21,2,405.13,11662,1189
2026-05-21,3,68.68,1045,703
2026-05-21,4,0.0,1373,1032
2026-05-21,5,236.45,3355,526
2026-05-21,6,53.83,2697,1368
2026-05-22,1,511.9,8574,1373
2026-05-22,2,334.68,11991,1415
2026-05-22,3,42.87,1211,651
2026-05-22,4,0.0,1814,1008
2026-05-22,5,267.28,3096,573
2026-05-22,6,50.6,2381,1385
2026-05-23,1,452.38,17077,1757
2026-05-23,2,471.84,8360,1426
2026-05-23,3,60.83,1735,833
2026-05-23,4,0.0,1478,1029
2026-05-23,5,271.62,2924,545
2026-05-23,6,41.69,2674,1300
2026-05-24,1,637.05,14633,1930
2026-05-24,2,318.34,12786,1361
2026-05-24,3,67.66,1057,667
2026-05-24,4,0.0,1826,832
2026-05-24,5,247.14,3003,385
2026-05-24,6,44.96,1937,1131
2026-05-25,1,585.37,12236,1426
2026-05-25,2,482.74,8435,1077
2026-05-25,3,50.1,1381,724
2026-05-25,4,0.0,1501,772
2026-05-25,5,185.46,3527,541
2026-05-25,6,31.85,2256,1222
2026-05-26,1,624.24,13398,1583
2026-05-26,2,511.56,12642,1281
2026-05-26,3,66.14,982,653
2026-05-26,4,0.0,1477,852
2026-05-26,5,227.46,3298,572
2026-05-26,6,46.45,2633,1234
2026-05-27,1,457.97,7784,1210
2026-05-27,2,355.46,12293,1447
2026-05-27,3,62.63,1057,632
2026-05-27,4,0.0,1495,944
2026-05-27,5,185.55,3901,414
2026-05-27,6,45.6,2196,1077
2026-05-28,1,582.08,11773,1342
2026-05-28,2,451.39,7867,1207
2026-05-28,3,54.92,985,814
2026-05-28,4,0.0,1418,851
2026-05-28,5,174.52,3179,408
2026-05-28,6,34.89,2296,1070
2026-05-29,1,467.99,12510,1293
2026-05-29,2,356.66,10355,1434
2026-05-29,3,41.67,938,748
2026-05-29,4,0.0,1229,760
2026-05-29,5,227.39,3324,432
2026-05-29,6,38.39,1711,1089
2026-05-30,1,385.72,11170,1079
2026-05-30,2,359.73,12082,1123
2026-05-30,3,54.56,1029,633
2026-05-30,4,0.0,1957,957
2026-05-30,5,229.97,3367,519
2026-05-30,6,48.73,1413,1007
2026-05-31,1,471.43,9855,1295
2026-05-31,2,375.2,10411,1127
2026-05-31,3,60.53,1521,723
2026-05-31,4,0.0,1072,882
2026-05-31,5,249.74,2746,377
2026-05-31,6,42.04,2699,1250
2026-06-01,1,403.39,6504,1257
2026-06-01,2,442.85,8644,1378
2026-06-01,3,38.37,739,569
2026-06-01,4,0.0,1490,773
2026-06-01,5,241.53,3144,369
2026-06-01,6,47.83,1144,950
2026-06-02,1,390.12,13603,1685
2026-06-02,2,463.2,14165,1390
2026-06-02,3,59.24,849,580
2026-06-02,4,0.0,1248,826
2026-06-02,5,244.88,3025,370
2026-06-02,6,48.34,1841,1257
2026-06-03,1,526.48,9302,1315
2026-06-03,2,323.26,9208,1487
2026-06-03,3,61.43,1473,766
2026-06-03,4,0.0,1305,873
2026-06-03,5,236.85,3059,472
2026-06-03,6,34.38,1458,865
2026-06-04,1,400.13,13437,1320
2026-06-04,2,316.42,7680,1032
2026-06-04,3,52.35,1223,637
2026-06-04,4,0.0,1845,917
2026-06-04,5,168.87,4311,531
2026-06-04,6,29.59,1684,927
2026-06-05,1,415.99,10466,1358
2026-06-05,2,369.1,9291,1038
2026-06-05,3,48.42,1406,701
2026-06-05,4,0.0,1967,958
2026-06-05,5,228.32,2931,344
2026-06-05,6,39.74,2013,1239
2026-06-06,1,507.28,11926,1371
2026-06-06,2,318.8,6970,1083
2026-06-06,3,45.86,912,688
2026-06-06,4,0.0,1456,738
2026-06-06,5,151.28,4396,478
2026-06-06,6,46.08,1558,1228
2026-06-07,1,464.45,8493,1462
2026-06-07,2,344.08,8884,1506
2026-06-07,3,36.97,1572,727
2026-06-07,4,0.0,1300,834
2026-06-07,5,154.96,2908,351
2026-06-07,6,34.31,1529,1158
2026-06-08,1,432.38,10093,1323
2026-06-08,2,378.21,6629,989
2026-06-08,3,36.4,970,773
2026-06-08,4,0.0,1263,840
2026-06-08,5,180.77,3055,324
2026-06-08,6,30.81,1597,889
2026-06-09,1,427.52,12226,1445
2026-06-09,2,338.41,9247,1048
2026-06-09,3,42.9,1076,535
2026-06-09,4,0.0,1853,875
2026-06-09,5,232.06,1891,374
2026-06-09,6,33.11,1468,1004
2026-06-10,1,500.39,9621,1093
2026-06-10,2,344.78,8375,1228
2026-06-10,3,40.63,1011,572
2026-06-10,4,0.0,1628,898
2026-06-10,5,181.23,3515,482
2026-06-10,6,33.55,1648,1116
2026-06-11,1,426.3,12197,1525
2026-06-11,2,307.72,8284,1089
2026-06-11,3,42.72,779,528
2026-06-11,4,0.0,1914,907
2026-06-11,5,201.8,3359,481
2026-06-11,6,36.05,1815,922
2026-06-12,1,390.59,12834,1623
2026-06-12,2,332.25,8570,1540
2026-06-12,3,55.54,1008,564
2026-06-12,4,0.0,1192,653
2026-06-12,5,184.18,2770,408
2026-06-12,6,31.32,1263,922
2026-06-13,1,440.8,8460,1504
2026-06-13,2,344.23,7476,1052
2026-06-13,3,38.87,953,594
2026-06-13,4,0.0,1178,703
2026-06-13,5,170.87,1952,310
2026-06-13,6,38.6,1349,1013
2026-06-14,1,462.2,6969,1167
2026-06-14,2,347.41,9757,1361
2026-06-14,3,44.75,1322,610
2026-06-14,4,0.0,1068,792
2026-06-14,5,181.14,3029,419
2026-06-14,6,34.83,1869,911
2026-06-15,1,409.37,10992,1173
2026-06-15,2,297.4,7735,1133
2026-06-15,3,46.75,1150,617
2026-06-15,4,0.0,1173,612
2026-06-15,5,135.85,2113,284
2026-06-15,6,33.31,1647,1096
2026-06-16,1,485.01,10719,1170
2026-06-16,2,352.18,11079,1159
2026-06-16,3,49.76,1420,691
2026-06-16,4,0.0,1731,861
2026-06-16,5,133.56,2467,295
2026-06-16,6,41.7,2012,1027
2026-06-17,1,453.67,9837,1321
2026-06-17,2,347.94,6461,848
2026-06-17,3,43.17,751,622
2026-06-17,4,0.0,1025,820
2026-06-17,5,170.73,4313,404
2026-06-17,6,32.06,1227,853
2026-06-18,1,403.81,7035,1104
2026-06-18,2,275.34,4969,872
2026-06-18,3,41.51,1202,630
2026-06-18,4,0.0,1187,846
2026-06-18,5,191.75,3318,400
2026-06-18,6,32.24,1880,857
2026-06-19,1,441.0,9773,1150
2026-06-19,2,359.93,8665,994
2026-06-19,3,34.79,808,608
2026-06-19,4,0.0,1209,593
2026-06-19,5,213.46,2852,392
2026-06-19,6,33.92,1626,1036
2026-06-20,1,331.78,6906,1229
2026-06-20,2,261.22,6710,1131
2026-06-20,3,40.25,916,495
2026-06-20,4,0.0,1282,628
2026-06-20,5,179.75,3145,324
2026-06-20,6,30.19,1323,922
2026-06-21,1,501.0,9057,1449
2026-06-21,2,280.42,11343,1205
2026-06-21,3,43.99,1061,629
2026-06-21,4,0.0,1061,645
2026-06-21,5,210.17,3393,442
2026-06-21,6,31.3,1478,1025
2026-06-22,1,423.7,8146,1207
2026-06-22,2,272.04,6042,1170
2026-06-22,3,38.12,741,504
2026-06-22,4,0.0,1229,631
2026-06-22,5,138.34,2758,406
2026-06-22,6,39.83,1085,775
2026-06-23,1,418.61,6461,926
2026-06-23,2,344.36,8402,861
2026-06-23,3,47.88,946,532
2026-06-23,4,0.0,946,667
2026-06-23,5,199.61,2517,409
2026-06-23,6,35.44,1185,785
2026-06-24,1,503.34,7814,1018
2026-06-24,2,404.42,10572,1324
2026-06-24,3,48.41,1062,500
2026-06-24,4,0.0,1691,855
2026-06-24,5,173.27,3229,408
2026-06-24,6,38.27,2008,1011
2026-06-25,1,381.98,10325,1154
2026-06-25,2,340.15,7477,1069
2026-06-25,3,39.39,822,668
2026-06-25,4,0.0,727,580
2026-06-25,5,152.41,2454,443
2026-06-25,6,35.48,1324,798
2026-06-26,1,312.2,7279,1218
2026-06-26,2,327.77,8723,927
2026-06-26,3,46.72,954,660
2026-06-26,4,0.0,1439,755
2026-06-26,5,153.64,3113,379
2026-06-26,6,35.65,1011,785
2026-06-27,1,467.07,9369,1544
2026-06-27,2,275.48,7601,1020
2026-06-27,3,32.94,1311,670
2026-06-27,4,0.0,1020,689
2026-06-27,5,169.02,2263,353
2026-06-27,6,27.64,1676,835
2026-06-28,1,477.09,10937,1229
2026-06-28,2,389.08,9287,951
2026-06-28,3,41.18,662,480
2026-06-28,4,0.0,1160,807
2026-06-28,5,131.45,2998,376
2026-06-28,6,32.27,1670,894
2026-06-29,1,377.78,11331,1625
2026-06-29,2,340.9,7916,1207
2026-06-29,3,52.96,721,560
2026-06-29,4,0.0,1109,825
2026-06-29,5,159.6,2494,394
2026-06-29,6,31.48,1989,1013
2026-06-30,1,363.45,11188,1369
2026-06-30,2,411.53,7865,993
2026-06-30,3,46.59,856,591
2026-06-30,4,0.0,1227,714
2026-06-30,5,165.38,3167,420
2026-06-30,6,36.56,2056,1101
