customer_id,email,first_name,last_name,country,region,city,signup_at,acquisition_channel_id
1,kabir.sharma1@example.com,Kabir,Sharma,IN,South,Hyderabad,2026-03-13,6
2,nisha.roy2@example.com,Nisha,Roy,IN,West,Pune,2026-02-11,1
3,meera.sen3@example.com,Meera,Sen,IN,East,Kolkata,2026-03-26,2
4,emily.smith4@example.com,Emily,Smith,IN,North,Delhi,2026-06-22,3
5,liam.sharma5@example.com,Liam,Sharma,IN,North,Delhi,2026-01-20,1
6,riya.lee6@example.com,Riya,Lee,IN,North,Delhi,2026-05-07,1
7,ananya.khan7@example.com,Ananya,Khan,IN,West,Mumbai,2026-02-09,6
8,aanya.patel8@example.com,Aanya,Patel,IN,West,Mumbai,2026-02-09,2
9,vivaan.gupta9@example.com,Vivaan,Gupta,IN,East,Kolkata,2026-01-26,6
10,siddharth.patel10@example.com,Siddharth,Patel,IN,East,Kolkata,2026-06-19,4
11,aditya.wilson11@example.com,Aditya,Wilson,IN,South,Bengaluru,2026-01-14,2
12,rohan.johnson12@example.com,Rohan,Johnson,IN,South,Bengaluru,2026-05-26,1
13,ananya.iyer13@example.com,Ananya,Iyer,US,East,New York,2026-02-07,4
14,neha.nair14@example.com,Neha,Nair,IN,East,Kolkata,2026-05-07,1
15,emily.iyer15@example.com,Emily,Iyer,IN,West,Mumbai,2026-05-08,4
16,ananya.brown16@example.com,Ananya,Brown,IN,East,Kolkata,2026-02-03,2
17,riya.sen17@example.com,Riya,Sen,IN,South,Hyderabad,2026-05-25,6
18,emma.wilson18@example.com,Emma,Wilson,IN,West,Pune,2026-02-23,4
19,olivia.nair19@example.com,Olivia,Nair,IN,East,Kolkata,2026-04-23,2
20,diya.lee20@example.com,Diya,Lee,IN,East,Kolkata,2026-04-03,6
21,aanya.smith21@example.com,Aanya,Smith,IN,South,Bengaluru,2026-04-09,4
22,karan.smith22@example.com,Karan,Smith,GB,England,London,2026-06-06,6
23,neha.iyer23@example.com,Neha,Iyer,IN,East,Kolkata,2026-06-07,1
24,saanvi.johnson24@example.com,Saanvi,Johnson,IN,East,Kolkata,2026-05-27,3
25,diya.iyer25@example.com,Diya,Iyer,IN,East,Kolkata,2026-01-21,4
26,riya.das26@example.com,Riya,Das,IN,North,Delhi,2026-05-16,4
27,aditya.lee27@example.com,Aditya,Lee,IN,West,Pune,2026-04-30,5
28,nisha.das28@example.com,Nisha,Das,IN,West,Mumbai,2026-05-29,2
29,liam.smith29@example.com,Liam,Smith,IN,North,Delhi,2026-06-22,1
30,neha.lee30@example.com,Neha,Lee,IN,West,Mumbai,2026-02-27,2
31,neha.wilson31@example.com,Neha,Wilson,IN,West,Mumbai,2026-03-26,2
32,neha.sharma32@example.com,Neha,Sharma,IN,East,Kolkata,2026-06-10,2
33,aarav.mehta33@example.com,Aarav,Mehta,IN,East,Kolkata,2026-01-15,2
34,sophia.lee34@example.com,Sophia,Lee,IN,South,Hyderabad,2026-04-04,6
35,karan.khan35@example.com,Karan,Khan,IN,West,Mumbai,2026-04-19,2
36,olivia.lee36@example.com,Olivia,Lee,IN,North,Delhi,2026-02-24,1
37,james.brown37@example.com,James,Brown,IN,South,Bengaluru,2026-03-26,1
38,priya.chatterjee38@example.com,Priya,Chatterjee,IN,North,Delhi,2026-01-25,2
39,lucas.sharma39@example.com,Lucas,Sharma,IN,South,Bengaluru,2026-05-05,5
40,olivia.gupta40@example.com,Olivia,Gupta,IN,West,Mumbai,2026-02-09,1
41,arjun.smith41@example.com,Arjun,Smith,IN,South,Bengaluru,2026-03-16,1
42,priya.brown42@example.com,Priya,Brown,AE,Dubai,Dubai,2026-04-08,2
43,riya.sharma43@example.com,Riya,Sharma,IN,East,Kolkata,2026-02-15,3
44,ananya.sen44@example.com,Ananya,Sen,IN,North,Delhi,2026-06-03,1
45,rahul.das45@example.com,Rahul,Das,IN,South,Hyderabad,2026-06-19,6
46,olivia.patel46@example.com,Olivia,Patel,US,West,Seattle,2026-02-04,2
47,lucas.smith47@example.com,Lucas,Smith,IN,West,Mumbai,2026-03-25,6
48,neha.sen48@example.com,Neha,Sen,IN,North,Delhi,2026-01-03,1
49,ishita.sharma49@example.com,Ishita,Sharma,IN,East,Kolkata,2026-01-07,3
50,aanya.wilson50@example.com,Aanya,Wilson,IN,East,Kolkata,2026-05-11,5
51,aarav.iyer51@example.com,Aarav,Iyer,IN,West,Mumbai,2026-02-15,2
52,olivia.roy52@example.com,Olivia,Roy,IN,West,Pune,2026-01-24,2
53,arjun.das53@example.com,Arjun,Das,IN,West,Pune,2026-05-04,1
54,noah.roy54@example.com,Noah,Roy,IN,South,Hyderabad,2026-03-22,2
55,aanya.smith55@example.com,Aanya,Smith,IN,North,Delhi,2026-03-12,3
56,lucas.mehta56@example.com,Lucas,Mehta,IN,South,Hyderabad,2026-02-04,4
57,emma.smith57@example.com,Emma,Smith,US,East,New York,2026-02-25,6
58,sophia.johnson58@example.com,Sophia,Johnson,IN,North,Delhi,2026-01-08,3
59,emma.brown59@example.com,Emma,Brown,IN,West,Mumbai,2026-02-10,1
60,priya.smith60@example.com,Priya,Smith,IN,West,Mumbai,2026-04-02,3
61,aditya.mitra61@example.com,Aditya,Mitra,IN,West,Mumbai,2026-01-10,2
62,sophia.mehta62@example.com,Sophia,Mehta,IN,North,Delhi,2026-03-24,4
63,sophia.wilson63@example.com,Sophia,Wilson,IN,East,Kolkata,2026-06-15,1
64,kabir.khan64@example.com,Kabir,Khan,IN,West,Mumbai,2026-02-04,5
65,priya.roy65@example.com,Priya,Roy,US,East,New York,2026-06-07,1
66,emily.chatterjee66@example.com,Emily,Chatterjee,IN,West,Pune,2026-04-12,4
67,siddharth.mehta67@example.com,Siddharth,Mehta,IN,East,Kolkata,2026-06-24,2
68,noah.johnson68@example.com,Noah,Johnson,IN,North,Delhi,2026-05-14,6
69,maya.nair69@example.com,Maya,Nair,IN,North,Delhi,2026-02-09,2
70,lucas.sen70@example.com,Lucas,Sen,IN,North,Delhi,2026-02-06,4
71,rahul.sen71@example.com,Rahul,Sen,IN,North,Delhi,2026-06-02,1
72,aanya.wilson72@example.com,Aanya,Wilson,IN,West,Mumbai,2026-04-05,6
73,rohan.chatterjee73@example.com,Rohan,Chatterjee,IN,South,Hyderabad,2026-04-03,4
74,saanvi.singh74@example.com,Saanvi,Singh,IN,West,Mumbai,2026-02-08,1
75,siddharth.patel75@example.com,Siddharth,Patel,IN,North,Delhi,2026-03-21,4
76,aanya.mitra76@example.com,Aanya,Mitra,IN,South,Hyderabad,2026-03-21,1
77,liam.smith77@example.com,Liam,Smith,IN,East,Kolkata,2026-01-31,6
78,noah.johnson78@example.com,Noah,Johnson,IN,South,Hyderabad,2026-01-10,3
79,rohan.smith79@example.com,Rohan,Smith,US,West,Seattle,2026-05-24,1
80,aarav.brown80@example.com,Aarav,Brown,IN,West,Mumbai,2026-06-06,5
81,siddharth.das81@example.com,Siddharth,Das,AE,Dubai,Dubai,2026-02-13,2
82,aditya.smith82@example.com,Aditya,Smith,IN,North,Delhi,2026-04-29,1
83,emma.patel83@example.com,Emma,Patel,IN,West,Mumbai,2026-06-21,1
84,aditya.khan84@example.com,Aditya,Khan,IN,South,Hyderabad,2026-04-15,6
85,karan.mitra85@example.com,Karan,Mitra,IN,South,Hyderabad,2026-04-04,1
86,sophia.khan86@example.com,Sophia,Khan,IN,East,Kolkata,2026-04-01,2
87,ishita.das87@example.com,Ishita,Das,IN,South,Bengaluru,2026-01-20,1
88,ananya.roy88@example.com,Ananya,Roy,IN,North,Delhi,2026-01-25,1
89,karan.das89@example.com,Karan,Das,IN,South,Bengaluru,2026-01-17,3
90,rahul.singh90@example.com,Rahul,Singh,IN,South,Bengaluru,2026-06-28,5
91,emma.brown91@example.com,Emma,Brown,IN,West,Mumbai,2026-06-08,1
92,meera.wilson92@example.com,Meera,Wilson,IN,South,Hyderabad,2026-04-01,1
93,maya.smith93@example.com,Maya,Smith,IN,South,Bengaluru,2026-05-13,1
94,aarav.khan94@example.com,Aarav,Khan,US,East,New York,2026-02-25,3
95,aanya.singh95@example.com,Aanya,Singh,IN,West,Mumbai,2026-06-23,1
96,emily.mitra96@example.com,Emily,Mitra,IN,North,Delhi,2026-03-03,1
97,nisha.singh97@example.com,Nisha,Singh,IN,West,Mumbai,2026-06-10,2
98,saanvi.lee98@example.com,Saanvi,Lee,IN,West,Mumbai,2026-04-18,5
99,karan.chatterjee99@example.com,Karan,Chatterjee,IN,East,Kolkata,2026-06-29,1
100,diya.patel100@example.com,Diya,Patel,IN,West,Mumbai,2026-06-27,5
101,aditya.sharma101@example.com,Aditya,Sharma,IN,North,Delhi,2026-04-06,1
102,riya.brown102@example.com,Riya,Brown,IN,West,Mumbai,2026-06-26,1
103,rohan.mehta103@example.com,Rohan,Mehta,IN,North,Delhi,2026-06-06,6
104,karan.roy104@example.com,Karan,Roy,IN,North,Delhi,2026-05-27,5
105,diya.iyer105@example.com,Diya,Iyer,IN,West,Pune,2026-03-30,3
106,james.iyer106@example.com,James,Iyer,IN,North,Delhi,2026-06-03,4
107,liam.iyer107@example.com,Liam,Iyer,IN,South,Bengaluru,2026-05-02,6
108,siddharth.iyer108@example.com,Siddharth,Iyer,IN,South,Bengaluru,2026-06-11,5
109,saanvi.khan109@example.com,Saanvi,Khan,IN,South,Hyderabad,2026-01-04,2
110,riya.khan110@example.com,Riya,Khan,IN,East,Kolkata,2026-02-05,1
111,riya.patel111@example.com,Riya,Patel,IN,West,Mumbai,2026-06-26,6
112,aarav.khan112@example.com,Aarav,Khan,IN,East,Kolkata,2026-01-09,3
113,priya.gupta113@example.com,Priya,Gupta,IN,South,Hyderabad,2026-05-11,2
114,saanvi.sen114@example.com,Saanvi,Sen,IN,South,Hyderabad,2026-02-15,1
115,neha.lee115@example.com,Neha,Lee,IN,South,Hyderabad,2026-05-20,2
116,ananya.wilson116@example.com,Ananya,Wilson,IN,South,Bengaluru,2026-06-12,5
117,ananya.singh117@example.com,Ananya,Singh,IN,South,Bengaluru,2026-04-05,2
118,noah.sharma118@example.com,Noah,Sharma,IN,East,Kolkata,2026-03-10,1
119,riya.iyer119@example.com,Riya,Iyer,IN,North,Delhi,2026-01-04,6
120,rahul.wilson120@example.com,Rahul,Wilson,IN,East,Kolkata,2026-01-09,1
121,siddharth.johnson121@example.com,Siddharth,Johnson,IN,East,Kolkata,2026-05-20,6
122,kabir.sen122@example.com,Kabir,Sen,IN,West,Pune,2026-04-24,3
123,kabir.lee123@example.com,Kabir,Lee,IN,South,Hyderabad,2026-06-28,1
124,priya.wilson124@example.com,Priya,Wilson,IN,North,Delhi,2026-05-26,4
125,rahul.singh125@example.com,Rahul,Singh,US,East,New York,2026-05-30,1
126,olivia.das126@example.com,Olivia,Das,IN,South,Hyderabad,2026-06-08,6
127,aanya.wilson127@example.com,Aanya,Wilson,IN,West,Pune,2026-01-25,4
128,lucas.singh128@example.com,Lucas,Singh,IN,South,Hyderabad,2026-04-04,1
129,diya.khan129@example.com,Diya,Khan,IN,West,Mumbai,2026-03-01,3
130,ishita.gupta130@example.com,Ishita,Gupta,IN,South,Hyderabad,2026-01-18,2
131,james.das131@example.com,James,Das,IN,South,Bengaluru,2026-06-23,5
132,arjun.wilson132@example.com,Arjun,Wilson,IN,South,Bengaluru,2026-01-03,6
133,emma.sen133@example.com,Emma,Sen,IN,West,Mumbai,2026-02-26,3
134,vivaan.lee134@example.com,Vivaan,Lee,IN,West,Mumbai,2026-06-25,1
135,emily.chatterjee135@example.com,Emily,Chatterjee,IN,South,Bengaluru,2026-04-12,2
136,sophia.gupta136@example.com,Sophia,Gupta,IN,North,Delhi,2026-04-19,1
137,vivaan.lee137@example.com,Vivaan,Lee,IN,West,Mumbai,2026-01-17,1
138,saanvi.johnson138@example.com,Saanvi,Johnson,IN,West,Pune,2026-05-15,1
139,noah.wilson139@example.com,Noah,Wilson,IN,South,Hyderabad,2026-06-25,3
140,saanvi.sharma140@example.com,Saanvi,Sharma,IN,South,Bengaluru,2026-05-02,2
141,meera.singh141@example.com,Meera,Singh,IN,East,Kolkata,2026-01-15,1
142,arjun.gupta142@example.com,Arjun,Gupta,IN,South,Hyderabad,2026-02-08,1
143,karan.sharma143@example.com,Karan,Sharma,IN,West,Mumbai,2026-06-24,2
144,priya.patel144@example.com,Priya,Patel,IN,South,Bengaluru,2026-06-22,6
145,sophia.khan145@example.com,Sophia,Khan,IN,South,Hyderabad,2026-02-05,2
146,riya.sen146@example.com,Riya,Sen,IN,East,Kolkata,2026-02-08,4
147,siddharth.brown147@example.com,Siddharth,Brown,IN,West,Pune,2026-04-26,2
148,ananya.brown148@example.com,Ananya,Brown,IN,East,Kolkata,2026-02-23,1
149,aditya.nair149@example.com,Aditya,Nair,IN,East,Kolkata,2026-01-16,1
150,ananya.mitra150@example.com,Ananya,Mitra,IN,West,Pune,2026-02-01,2
151,olivia.mitra151@example.com,Olivia,Mitra,AE,Dubai,Dubai,2026-01-11,1
152,james.johnson152@example.com,James,Johnson,IN,East,Kolkata,2026-06-25,2
153,liam.patel153@example.com,Liam,Patel,IN,North,Delhi,2026-01-19,2
154,priya.sen154@example.com,Priya,Sen,IN,South,Bengaluru,2026-04-21,1
155,saanvi.mehta155@example.com,Saanvi,Mehta,IN,South,Bengaluru,2026-06-11,1
156,lucas.gupta156@example.com,Lucas,Gupta,IN,West,Mumbai,2026-04-05,6
157,siddharth.mitra157@example.com,Siddharth,Mitra,IN,South,Bengaluru,2026-05-07,2
158,aanya.sen158@example.com,Aanya,Sen,IN,East,Kolkata,2026-01-20,5
159,priya.brown159@example.com,Priya,Brown,IN,West,Pune,2026-03-31,2
160,james.singh160@example.com,James,Singh,IN,West,Mumbai,2026-06-30,6
161,james.brown161@example.com,James,Brown,IN,South,Hyderabad,2026-04-19,1
162,emma.lee162@example.com,Emma,Lee,IN,West,Mumbai,2026-02-21,1
163,noah.chatterjee163@example.com,Noah,Chatterjee,IN,South,Hyderabad,2026-02-26,5
164,kabir.smith164@example.com,Kabir,Smith,IN,West,Mumbai,2026-04-29,5
165,emily.smith165@example.com,Emily,Smith,IN,East,Kolkata,2026-02-27,6
166,ishita.nair166@example.com,Ishita,Nair,IN,North,Delhi,2026-03-16,1
167,priya.johnson167@example.com,Priya,Johnson,AE,Dubai,Dubai,2026-05-13,1
168,aditya.singh168@example.com,Aditya,Singh,IN,East,Kolkata,2026-05-15,2
169,aarav.smith169@example.com,Aarav,Smith,IN,West,Mumbai,2026-05-12,3
170,liam.sen170@example.com,Liam,Sen,IN,North,Delhi,2026-04-28,1
171,liam.mehta171@example.com,Liam,Mehta,US,East,New York,2026-02-13,2
172,saanvi.das172@example.com,Saanvi,Das,IN,South,Bengaluru,2026-05-10,1
173,rohan.patel173@example.com,Rohan,Patel,IN,East,Kolkata,2026-01-12,2
174,ishita.johnson174@example.com,Ishita,Johnson,IN,South,Hyderabad,2026-03-08,1
175,aanya.sharma175@example.com,Aanya,Sharma,IN,North,Delhi,2026-05-27,1
176,karan.patel176@example.com,Karan,Patel,IN,South,Bengaluru,2026-02-19,6
177,vivaan.mehta177@example.com,Vivaan,Mehta,IN,West,Mumbai,2026-03-17,2
178,nisha.chatterjee178@example.com,Nisha,Chatterjee,IN,North,Delhi,2026-02-21,3
179,olivia.chatterjee179@example.com,Olivia,Chatterjee,IN,North,Delhi,2026-06-25,4
180,riya.iyer180@example.com,Riya,Iyer,IN,South,Hyderabad,2026-06-08,5
181,ishita.mitra181@example.com,Ishita,Mitra,IN,South,Bengaluru,2026-03-02,2
182,vivaan.nair182@example.com,Vivaan,Nair,IN,East,Kolkata,2026-04-20,6
183,aarav.nair183@example.com,Aarav,Nair,IN,West,Mumbai,2026-01-30,6
184,ishita.das184@example.com,Ishita,Das,IN,South,Bengaluru,2026-05-15,2
185,ananya.mehta185@example.com,Ananya,Mehta,US,West,Seattle,2026-02-06,2
186,diya.patel186@example.com,Diya,Patel,AE,Dubai,Dubai,2026-05-21,2
187,maya.brown187@example.com,Maya,Brown,IN,North,Delhi,2026-01-27,1
188,siddharth.roy188@example.com,Siddharth,Roy,IN,West,Pune,2026-02-06,2
189,riya.chatterjee189@example.com,Riya,Chatterjee,IN,South,Hyderabad,2026-05-10,3
190,priya.mitra190@example.com,Priya,Mitra,IN,West,Mumbai,2026-02-16,2
191,olivia.iyer191@example.com,Olivia,Iyer,IN,West,Mumbai,2026-05-16,6
192,aditya.khan192@example.com,Aditya,Khan,IN,West,Mumbai,2026-04-03,6
193,emma.singh193@example.com,Emma,Singh,IN,South,Bengaluru,2026-06-19,1
194,ishita.sen194@example.com,Ishita,Sen,IN,North,Delhi,2026-03-11,3
195,sophia.gupta195@example.com,Sophia,Gupta,IN,North,Delhi,2026-01-01,6
196,liam.roy196@example.com,Liam,Roy,IN,South,Bengaluru,2026-04-16,6
197,liam.sharma197@example.com,Liam,Sharma,IN,South,Bengaluru,2026-05-18,3
198,aarav.roy198@example.com,Aarav,Roy,IN,West,Mumbai,2026-02-24,1
199,ishita.sharma199@example.com,Ishita,Sharma,IN,North,Delhi,2026-01-07,2
200,vivaan.das200@example.com,Vivaan,Das,IN,South,Bengaluru,2026-02-22,4
201,olivia.brown201@example.com,Olivia,Brown,IN,East,Kolkata,2026-06-19,6
202,karan.wilson202@example.com,Karan,Wilson,IN,South,Hyderabad,2026-01-24,1
203,vivaan.gupta203@example.com,Vivaan,Gupta,IN,West,Mumbai,2026-04-20,1
204,maya.lee204@example.com,Maya,Lee,IN,East,Kolkata,2026-05-05,5
205,james.wilson205@example.com,James,Wilson,IN,South,Bengaluru,2026-06-29,2
206,ishita.khan206@example.com,Ishita,Khan,IN,East,Kolkata,2026-02-17,1
207,emma.iyer207@example.com,Emma,Iyer,IN,East,Kolkata,2026-04-12,4
208,diya.chatterjee208@example.com,Diya,Chatterjee,IN,South,Hyderabad,2026-05-11,6
209,rohan.das209@example.com,Rohan,Das,IN,South,Bengaluru,2026-05-07,1
210,emma.smith210@example.com,Emma,Smith,IN,East,Kolkata,2026-05-12,2
211,arjun.patel211@example.com,Arjun,Patel,IN,East,Kolkata,2026-02-07,2
212,diya.mitra212@example.com,Diya,Mitra,GB,England,London,2026-03-17,2
213,maya.wilson213@example.com,Maya,Wilson,IN,East,Kolkata,2026-06-14,2
214,aanya.smith214@example.com,Aanya,Smith,IN,West,Mumbai,2026-01-10,1
215,james.das215@example.com,James,Das,IN,West,Mumbai,2026-06-01,1
216,lucas.mehta216@example.com,Lucas,Mehta,IN,South,Hyderabad,2026-03-23,1
217,ishita.wilson217@example.com,Ishita,Wilson,IN,East,Kolkata,2026-05-08,5
218,siddharth.patel218@example.com,Siddharth,Patel,IN,East,Kolkata,2026-03-25,1
219,arjun.mitra219@example.com,Arjun,Mitra,IN,West,Pune,2026-01-15,4
220,aarav.johnson220@example.com,Aarav,Johnson,IN,North,Delhi,2026-02-02,3
221,maya.khan221@example.com,Maya,Khan,IN,North,Delhi,2026-06-05,6
222,olivia.lee222@example.com,Olivia,Lee,IN,West,Pune,2026-03-13,2
223,nisha.roy223@example.com,Nisha,Roy,IN,North,Delhi,2026-03-14,4
224,neha.nair224@example.com,Neha,Nair,US,East,New York,2026-02-18,4
225,olivia.khan225@example.com,Olivia,Khan,IN,East,Kolkata,2026-01-19,3
226,lucas.johnson226@example.com,Lucas,Johnson,IN,East,Kolkata,2026-02-11,1
227,noah.sharma227@example.com,Noah,Sharma,IN,West,Mumbai,2026-06-20,1
228,aditya.mehta228@example.com,Aditya,Mehta,IN,West,Mumbai,2026-06-10,1
229,rahul.wilson229@example.com,Rahul,Wilson,IN,South,Bengaluru,2026-05-10,5
230,james.gupta230@example.com,James,Gupta,IN,West,Mumbai,2026-01-07,2
231,arjun.nair231@example.com,Arjun,Nair,IN,South,Hyderabad,2026-04-28,3
232,kabir.sharma232@example.com,Kabir,Sharma,IN,South,Bengaluru,2026-05-06,6
233,emma.nair233@example.com,Emma,Nair,IN,East,Kolkata,2026-06-25,6
234,meera.lee234@example.com,Meera,Lee,US,West,Seattle,2026-01-30,3
235,aarav.mitra235@example.com,Aarav,Mitra,IN,South,Hyderabad,2026-03-03,4
236,aarav.gupta236@example.com,Aarav,Gupta,IN,North,Delhi,2026-06-22,1
237,kabir.patel237@example.com,Kabir,Patel,IN,South,Bengaluru,2026-02-20,2
238,maya.wilson238@example.com,Maya,Wilson,IN,South,Hyderabad,2026-05-30,2
239,arjun.lee239@example.com,Arjun,Lee,IN,East,Kolkata,2026-02-05,2
240,noah.johnson240@example.com,Noah,Johnson,IN,South,Hyderabad,2026-02-22,1
241,ananya.wilson241@example.com,Ananya,Wilson,IN,South,Hyderabad,2026-06-13,2
242,siddharth.patel242@example.com,Siddharth,Patel,IN,West,Mumbai,2026-03-26,4
243,emma.singh243@example.com,Emma,Singh,US,East,New York,2026-02-19,3
244,kabir.johnson244@example.com,Kabir,Johnson,IN,East,Kolkata,2026-03-14,4
245,liam.das245@example.com,Liam,Das,US,East,New York,2026-05-12,2
246,emily.iyer246@example.com,Emily,Iyer,IN,West,Pune,2026-04-28,6
247,kabir.das247@example.com,Kabir,Das,IN,South,Bengaluru,2026-05-29,1
248,emily.gupta248@example.com,Emily,Gupta,US,East,New York,2026-04-28,2
249,rohan.sharma249@example.com,Rohan,Sharma,GB,England,London,2026-02-08,2
250,james.gupta250@example.com,James,Gupta,IN,West,Pune,2026-02-06,2
251,lucas.roy251@example.com,Lucas,Roy,US,East,New York,2026-01-28,2
252,olivia.brown252@example.com,Olivia,Brown,IN,North,Delhi,2026-04-29,4
253,karan.iyer253@example.com,Karan,Iyer,IN,East,Kolkata,2026-06-22,6
254,riya.singh254@example.com,Riya,Singh,IN,West,Mumbai,2026-02-23,2
255,ishita.brown255@example.com,Ishita,Brown,IN,North,Delhi,2026-04-15,5
256,kabir.smith256@example.com,Kabir,Smith,IN,North,Delhi,2026-04-25,1
257,james.johnson257@example.com,James,Johnson,IN,East,Kolkata,2026-03-03,2
258,james.chatterjee258@example.com,James,Chatterjee,IN,South,Hyderabad,2026-05-27,6
259,emily.iyer259@example.com,Emily,Iyer,IN,East,Kolkata,2026-05-02,6
260,siddharth.gupta260@example.com,Siddharth,Gupta,IN,South,Bengaluru,2026-04-19,1
261,emma.wilson261@example.com,Emma,Wilson,IN,East,Kolkata,2026-02-02,1
262,james.mehta262@example.com,James,Mehta,IN,South,Hyderabad,2026-01-11,4
263,aditya.roy263@example.com,Aditya,Roy,IN,West,Mumbai,2026-04-25,3
264,rohan.das264@example.com,Rohan,Das,IN,South,Bengaluru,2026-04-06,3
265,arjun.lee265@example.com,Arjun,Lee,IN,West,Mumbai,2026-02-11,1
266,sophia.smith266@example.com,Sophia,Smith,US,West,Seattle,2026-06-05,2
267,meera.das267@example.com,Meera,Das,IN,East,Kolkata,2026-01-06,2
268,rahul.nair268@example.com,Rahul,Nair,IN,South,Bengaluru,2026-05-09,2
269,siddharth.smith269@example.com,Siddharth,Smith,IN,East,Kolkata,2026-04-06,2
270,saanvi.chatterjee270@example.com,Saanvi,Chatterjee,IN,East,Kolkata,2026-05-13,3
271,ishita.mehta271@example.com,Ishita,Mehta,IN,East,Kolkata,2026-06-17,6
272,riya.lee272@example.com,Riya,Lee,IN,South,Bengaluru,2026-03-26,6
273,vivaan.lee273@example.com,Vivaan,Lee,IN,South,Bengaluru,2026-06-04,6
274,vivaan.roy274@example.com,Vivaan,Roy,AE,Dubai,Dubai,2026-01-17,1
275,liam.brown275@example.com,Liam,Brown,US,West,Seattle,2026-02-09,2
276,ishita.lee276@example.com,Ishita,Lee,IN,East,Kolkata,2026-02-23,1
277,arjun.gupta277@example.com,Arjun,Gupta,IN,South,Bengaluru,2026-04-24,3
278,meera.smith278@example.com,Meera,Smith,IN,North,Delhi,2026-05-31,1
279,ananya.smith279@example.com,Ananya,Smith,US,West,Seattle,2026-03-19,2
280,aanya.singh280@example.com,Aanya,Singh,IN,East,Kolkata,2026-04-14,4
281,vivaan.lee281@example.com,Vivaan,Lee,IN,North,Delhi,2026-02-23,4
282,meera.singh282@example.com,Meera,Singh,IN,West,Mumbai,2026-04-27,6
283,nisha.lee283@example.com,Nisha,Lee,IN,West,Pune,2026-04-26,4
284,lucas.das284@example.com,Lucas,Das,IN,South,Bengaluru,2026-02-03,4
285,arjun.nair285@example.com,Arjun,Nair,IN,South,Bengaluru,2026-05-23,1
286,emily.sharma286@example.com,Emily,Sharma,IN,South,Hyderabad,2026-05-03,1
287,emily.brown287@example.com,Emily,Brown,IN,East,Kolkata,2026-05-31,1
288,ananya.brown288@example.com,Ananya,Brown,IN,North,Delhi,2026-05-19,1
289,noah.smith289@example.com,Noah,Smith,IN,South,Hyderabad,2026-01-27,1
290,lucas.roy290@example.com,Lucas,Roy,IN,East,Kolkata,2026-04-08,4
291,ishita.johnson291@example.com,Ishita,Johnson,IN,West,Pune,2026-01-23,4
292,riya.mehta292@example.com,Riya,Mehta,IN,West,Pune,2026-05-18,1
293,olivia.smith293@example.com,Olivia,Smith,IN,West,Mumbai,2026-03-05,3
294,aanya.chatterjee294@example.com,Aanya,Chatterjee,IN,East,Kolkata,2026-06-04,4
295,aditya.smith295@example.com,Aditya,Smith,IN,East,Kolkata,2026-01-30,1
296,vivaan.patel296@example.com,Vivaan,Patel,IN,North,Delhi,2026-03-26,6
297,kabir.sen297@example.com,Kabir,Sen,IN,East,Kolkata,2026-01-13,4
298,sophia.brown298@example.com,Sophia,Brown,IN,South,Bengaluru,2026-05-10,1
299,sophia.mitra299@example.com,Sophia,Mitra,IN,East,Kolkata,2026-05-09,4
300,arjun.mitra300@example.com,Arjun,Mitra,IN,North,Delhi,2026-03-03,5
301,diya.singh301@example.com,Diya,Singh,IN,West,Pune,2026-06-02,4
302,neha.smith302@example.com,Neha,Smith,AE,Dubai,Dubai,2026-04-14,1
303,kabir.roy303@example.com,Kabir,Roy,IN,West,Mumbai,2026-05-22,2
304,olivia.gupta304@example.com,Olivia,Gupta,IN,West,Mumbai,2026-04-12,2
305,liam.singh305@example.com,Liam,Singh,IN,East,Kolkata,2026-06-02,2
306,james.sen306@example.com,James,Sen,IN,South,Bengaluru,2026-03-27,5
307,saanvi.das307@example.com,Saanvi,Das,IN,West,Mumbai,2026-04-09,3
308,rahul.khan308@example.com,Rahul,Khan,IN,North,Delhi,2026-01-17,3
309,nisha.mehta309@example.com,Nisha,Mehta,IN,West,Pune,2026-02-04,5
310,nisha.sharma310@example.com,Nisha,Sharma,IN,South,Hyderabad,2026-05-09,1
311,saanvi.brown311@example.com,Saanvi,Brown,IN,North,Delhi,2026-03-16,3
312,karan.brown312@example.com,Karan,Brown,IN,South,Bengaluru,2026-04-07,4
313,aarav.iyer313@example.com,Aarav,Iyer,IN,South,Bengaluru,2026-01-12,6
314,diya.brown314@example.com,Diya,Brown,IN,West,Pune,2026-03-12,6
315,emily.lee315@example.com,Emily,Lee,IN,East,Kolkata,2026-02-04,1
316,emily.johnson316@example.com,Emily,Johnson,IN,North,Delhi,2026-02-14,3
317,priya.khan317@example.com,Priya,Khan,IN,South,Bengaluru,2026-03-17,2
318,rahul.lee318@example.com,Rahul,Lee,IN,South,Hyderabad,2026-03-29,1
319,emily.wilson319@example.com,Emily,Wilson,US,West,Seattle,2026-04-19,2
320,lucas.iyer320@example.com,Lucas,Iyer,IN,West,Pune,2026-05-12,2
321,diya.sharma321@example.com,Diya,Sharma,IN,North,Delhi,2026-03-28,1
322,emma.chatterjee322@example.com,Emma,Chatterjee,IN,West,Mumbai,2026-01-14,2
323,siddharth.khan323@example.com,Siddharth,Khan,IN,East,Kolkata,2026-03-12,6
324,neha.iyer324@example.com,Neha,Iyer,IN,South,Bengaluru,2026-05-02,4
325,emma.chatterjee325@example.com,Emma,Chatterjee,IN,East,Kolkata,2026-05-20,6
326,rohan.roy326@example.com,Rohan,Roy,IN,West,Pune,2026-06-14,2
327,rahul.roy327@example.com,Rahul,Roy,US,East,New York,2026-06-08,1
328,siddharth.mehta328@example.com,Siddharth,Mehta,AE,Dubai,Dubai,2026-04-01,4
329,olivia.chatterjee329@example.com,Olivia,Chatterjee,IN,West,Pune,2026-01-04,1
330,arjun.gupta330@example.com,Arjun,Gupta,IN,South,Bengaluru,2026-04-21,3
331,maya.mehta331@example.com,Maya,Mehta,AE,Dubai,Dubai,2026-06-05,5
332,saanvi.mehta332@example.com,Saanvi,Mehta,IN,East,Kolkata,2026-04-25,1
333,riya.sen333@example.com,Riya,Sen,IN,West,Mumbai,2026-06-08,1
334,olivia.mitra334@example.com,Olivia,Mitra,IN,East,Kolkata,2026-03-10,6
335,aanya.johnson335@example.com,Aanya,Johnson,GB,England,London,2026-01-18,5
336,karan.mitra336@example.com,Karan,Mitra,IN,South,Hyderabad,2026-04-26,3
337,liam.roy337@example.com,Liam,Roy,AE,Dubai,Dubai,2026-02-23,1
338,liam.chatterjee338@example.com,Liam,Chatterjee,IN,East,Kolkata,2026-01-31,1
339,karan.roy339@example.com,Karan,Roy,IN,South,Hyderabad,2026-01-07,2
340,sophia.brown340@example.com,Sophia,Brown,IN,East,Kolkata,2026-06-23,3
341,ananya.iyer341@example.com,Ananya,Iyer,IN,West,Mumbai,2026-01-21,2
342,karan.patel342@example.com,Karan,Patel,IN,West,Pune,2026-01-03,1
343,emma.brown343@example.com,Emma,Brown,IN,East,Kolkata,2026-01-02,2
344,kabir.gupta344@example.com,Kabir,Gupta,IN,East,Kolkata,2026-04-30,2
345,priya.gupta345@example.com,Priya,Gupta,AE,Dubai,Dubai,2026-04-09,2
346,emily.roy346@example.com,Emily,Roy,IN,North,Delhi,2026-05-10,1
347,karan.gupta347@example.com,Karan,Gupta,IN,North,Delhi,2026-02-11,4
348,neha.lee348@example.com,Neha,Lee,IN,East,Kolkata,2026-02-25,1
349,karan.chatterjee349@example.com,Karan,Chatterjee,IN,North,Delhi,2026-01-13,3
350,ananya.das350@example.com,Ananya,Das,IN,South,Hyderabad,2026-03-11,3
351,rahul.chatterjee351@example.com,Rahul,Chatterjee,IN,East,Kolkata,2026-05-01,5
352,siddharth.das352@example.com,Siddharth,Das,IN,East,Kolkata,2026-05-25,5
353,olivia.patel353@example.com,Olivia,Patel,IN,West,Pune,2026-03-18,2
354,siddharth.mitra354@example.com,Siddharth,Mitra,IN,East,Kolkata,2026-06-21,1
355,priya.khan355@example.com,Priya,Khan,IN,West,Mumbai,2026-02-15,6
356,diya.mitra356@example.com,Diya,Mitra,IN,South,Hyderabad,2026-03-10,4
357,ishita.gupta357@example.com,Ishita,Gupta,IN,South,Hyderabad,2026-03-31,5
358,kabir.smith358@example.com,Kabir,Smith,IN,North,Delhi,2026-02-04,6
359,aanya.iyer359@example.com,Aanya,Iyer,IN,West,Pune,2026-02-04,6
360,kabir.smith360@example.com,Kabir,Smith,IN,East,Kolkata,2026-02-28,6
361,meera.gupta361@example.com,Meera,Gupta,IN,East,Kolkata,2026-04-04,1
362,neha.johnson362@example.com,Neha,Johnson,IN,North,Delhi,2026-06-13,1
363,sophia.chatterjee363@example.com,Sophia,Chatterjee,IN,West,Mumbai,2026-03-11,2
364,ishita.khan364@example.com,Ishita,Khan,US,West,Seattle,2026-03-03,5
365,ananya.roy365@example.com,Ananya,Roy,US,West,Seattle,2026-04-19,4
366,aditya.iyer366@example.com,Aditya,Iyer,IN,North,Delhi,2026-06-12,6
367,maya.mehta367@example.com,Maya,Mehta,IN,West,Mumbai,2026-03-11,2
368,noah.lee368@example.com,Noah,Lee,IN,North,Delhi,2026-05-19,1
369,riya.singh369@example.com,Riya,Singh,IN,East,Kolkata,2026-06-08,3
370,arjun.wilson370@example.com,Arjun,Wilson,IN,East,Kolkata,2026-06-07,2
371,aditya.mitra371@example.com,Aditya,Mitra,IN,North,Delhi,2026-01-28,3
372,neha.smith372@example.com,Neha,Smith,IN,East,Kolkata,2026-01-13,1
373,meera.gupta373@example.com,Meera,Gupta,IN,West,Pune,2026-04-21,6
374,ishita.wilson374@example.com,Ishita,Wilson,IN,East,Kolkata,2026-06-25,4
375,priya.mehta375@example.com,Priya,Mehta,IN,North,Delhi,2026-06-18,4
376,liam.chatterjee376@example.com,Liam,Chatterjee,IN,North,Delhi,2026-04-04,2
377,olivia.mitra377@example.com,Olivia,Mitra,IN,West,Pune,2026-05-01,6
378,arjun.smith378@example.com,Arjun,Smith,IN,East,Kolkata,2026-01-28,6
379,james.nair379@example.com,James,Nair,IN,West,Mumbai,2026-05-29,3
380,noah.brown380@example.com,Noah,Brown,IN,North,Delhi,2026-01-23,4
381,rohan.gupta381@example.com,Rohan,Gupta,IN,West,Mumbai,2026-04-05,1
382,rohan.mitra382@example.com,Rohan,Mitra,IN,South,Bengaluru,2026-04-23,3
383,riya.mehta383@example.com,Riya,Mehta,IN,East,Kolkata,2026-03-08,2
384,kabir.khan384@example.com,Kabir,Khan,IN,East,Kolkata,2026-04-24,3
385,noah.khan385@example.com,Noah,Khan,IN,South,Bengaluru,2026-01-03,1
386,aanya.khan386@example.com,Aanya,Khan,IN,East,Kolkata,2026-04-13,2
387,emma.smith387@example.com,Emma,Smith,IN,East,Kolkata,2026-03-12,2
388,aanya.wilson388@example.com,Aanya,Wilson,IN,East,Kolkata,2026-05-03,1
389,karan.singh389@example.com,Karan,Singh,IN,North,Delhi,2026-06-01,1
390,ishita.johnson390@example.com,Ishita,Johnson,IN,East,Kolkata,2026-01-14,6
391,karan.iyer391@example.com,Karan,Iyer,IN,South,Hyderabad,2026-06-27,4
392,rohan.lee392@example.com,Rohan,Lee,IN,East,Kolkata,2026-03-16,2
393,saanvi.singh393@example.com,Saanvi,Singh,IN,North,Delhi,2026-06-25,2
394,diya.roy394@example.com,Diya,Roy,IN,East,Kolkata,2026-01-20,3
395,aanya.smith395@example.com,Aanya,Smith,IN,West,Pune,2026-01-21,3
396,siddharth.gupta396@example.com,Siddharth,Gupta,IN,South,Hyderabad,2026-02-23,6
397,saanvi.brown397@example.com,Saanvi,Brown,IN,North,Delhi,2026-05-21,3
398,meera.chatterjee398@example.com,Meera,Chatterjee,IN,North,Delhi,2026-05-27,1
399,neha.mitra399@example.com,Neha,Mitra,IN,South,Bengaluru,2026-05-19,6
400,ishita.das400@example.com,Ishita,Das,IN,West,Mumbai,2026-02-28,1
401,saanvi.khan401@example.com,Saanvi,Khan,IN,West,Pune,2026-01-13,2
402,siddharth.roy402@example.com,Siddharth,Roy,IN,South,Bengaluru,2026-01-14,3
403,emma.lee403@example.com,Emma,Lee,IN,South,Bengaluru,2026-03-06,1
404,ananya.khan404@example.com,Ananya,Khan,IN,East,Kolkata,2026-03-30,4
405,aarav.das405@example.com,Aarav,Das,GB,England,London,2026-06-26,1
406,james.lee406@example.com,James,Lee,IN,South,Hyderabad,2026-03-31,6
407,riya.nair407@example.com,Riya,Nair,IN,North,Delhi,2026-02-25,1
408,vivaan.patel408@example.com,Vivaan,Patel,IN,North,Delhi,2026-02-22,1
409,lucas.das409@example.com,Lucas,Das,IN,South,Hyderabad,2026-03-23,3
410,neha.khan410@example.com,Neha,Khan,IN,South,Hyderabad,2026-03-08,1
411,noah.singh411@example.com,Noah,Singh,IN,West,Mumbai,2026-03-09,3
412,priya.mehta412@example.com,Priya,Mehta,IN,South,Bengaluru,2026-01-30,6
413,rohan.johnson413@example.com,Rohan,Johnson,IN,East,Kolkata,2026-06-07,2
414,vivaan.chatterjee414@example.com,Vivaan,Chatterjee,IN,East,Kolkata,2026-02-05,2
415,liam.nair415@example.com,Liam,Nair,US,East,New York,2026-03-21,6
416,lucas.mitra416@example.com,Lucas,Mitra,US,East,New York,2026-06-24,4
417,nisha.johnson417@example.com,Nisha,Johnson,IN,West,Mumbai,2026-02-22,6
418,neha.lee418@example.com,Neha,Lee,US,East,New York,2026-06-27,2
419,arjun.roy419@example.com,Arjun,Roy,US,East,New York,2026-04-20,4
420,diya.nair420@example.com,Diya,Nair,IN,South,Bengaluru,2026-03-16,2
421,arjun.lee421@example.com,Arjun,Lee,IN,West,Mumbai,2026-03-17,5
422,emily.mehta422@example.com,Emily,Mehta,IN,South,Bengaluru,2026-01-09,1
423,emily.sen423@example.com,Emily,Sen,IN,South,Bengaluru,2026-06-01,2
424,james.roy424@example.com,James,Roy,US,East,New York,2026-02-23,2
425,diya.sen425@example.com,Diya,Sen,IN,West,Pune,2026-05-06,1
426,ananya.singh426@example.com,Ananya,Singh,IN,West,Pune,2026-01-13,5
427,ishita.iyer427@example.com,Ishita,Iyer,IN,North,Delhi,2026-06-05,5
428,arjun.johnson428@example.com,Arjun,Johnson,IN,South,Bengaluru,2026-01-14,2
429,sophia.wilson429@example.com,Sophia,Wilson,IN,East,Kolkata,2026-06-26,1
430,rohan.khan430@example.com,Rohan,Khan,GB,England,London,2026-04-29,6
431,liam.iyer431@example.com,Liam,Iyer,IN,West,Pune,2026-05-08,6
432,diya.lee432@example.com,Diya,Lee,IN,North,Delhi,2026-02-09,6
433,saanvi.singh433@example.com,Saanvi,Singh,IN,West,Mumbai,2026-05-26,3
434,diya.khan434@example.com,Diya,Khan,IN,West,Mumbai,2026-04-08,3
435,saanvi.patel435@example.com,Saanvi,Patel,IN,West,Pune,2026-06-27,4
436,karan.sharma436@example.com,Karan,Sharma,IN,East,Kolkata,2026-02-05,6
437,priya.mehta437@example.com,Priya,Mehta,IN,East,Kolkata,2026-05-02,1
438,priya.johnson438@example.com,Priya,Johnson,IN,East,Kolkata,2026-04-29,1
439,siddharth.gupta439@example.com,Siddharth,Gupta,IN,West,Pune,2026-04-05,1
440,liam.johnson440@example.com,Liam,Johnson,IN,North,Delhi,2026-03-22,3
441,rahul.sharma441@example.com,Rahul,Sharma,IN,East,Kolkata,2026-04-24,1
442,ananya.khan442@example.com,Ananya,Khan,IN,North,Delhi,2026-03-27,1
443,liam.khan443@example.com,Liam,Khan,IN,West,Mumbai,2026-05-20,1
444,olivia.johnson444@example.com,Olivia,Johnson,IN,North,Delhi,2026-04-14,3
445,priya.mehta445@example.com,Priya,Mehta,IN,South,Hyderabad,2026-01-21,4
446,vivaan.sharma446@example.com,Vivaan,Sharma,IN,East,Kolkata,2026-01-19,3
447,aarav.das447@example.com,Aarav,Das,IN,West,Pune,2026-01-05,5
448,aarav.chatterjee448@example.com,Aarav,Chatterjee,IN,North,Delhi,2026-04-16,2
449,kabir.brown449@example.com,Kabir,Brown,IN,South,Hyderabad,2026-03-31,1
450,olivia.johnson450@example.com,Olivia,Johnson,US,West,Seattle,2026-06-20,2
451,james.patel451@example.com,James,Patel,IN,West,Pune,2026-02-08,6
452,noah.johnson452@example.com,Noah,Johnson,IN,North,Delhi,2026-01-23,1
453,james.mehta453@example.com,James,Mehta,GB,England,London,2026-06-08,1
454,siddharth.johnson454@example.com,Siddharth,Johnson,IN,North,Delhi,2026-06-19,2
455,ishita.chatterjee455@example.com,Ishita,Chatterjee,IN,West,Mumbai,2026-04-06,1
456,liam.wilson456@example.com,Liam,Wilson,IN,North,Delhi,2026-01-22,3
457,kabir.sharma457@example.com,Kabir,Sharma,IN,North,Delhi,2026-03-18,3
458,priya.das458@example.com,Priya,Das,US,West,Seattle,2026-06-19,6
459,sophia.mitra459@example.com,Sophia,Mitra,IN,West,Mumbai,2026-03-16,2
460,arjun.chatterjee460@example.com,Arjun,Chatterjee,IN,West,Mumbai,2026-02-01,1
461,emma.gupta461@example.com,Emma,Gupta,IN,North,Delhi,2026-02-22,3
462,diya.smith462@example.com,Diya,Smith,IN,South,Bengaluru,2026-01-12,5
463,aanya.johnson463@example.com,Aanya,Johnson,IN,South,Hyderabad,2026-05-21,5
464,arjun.roy464@example.com,Arjun,Roy,IN,East,Kolkata,2026-03-19,4
465,karan.wilson465@example.com,Karan,Wilson,IN,East,Kolkata,2026-06-10,2
466,lucas.nair466@example.com,Lucas,Nair,IN,South,Hyderabad,2026-01-02,2
467,aditya.mitra467@example.com,Aditya,Mitra,IN,East,Kolkata,2026-01-12,3
468,saanvi.gupta468@example.com,Saanvi,Gupta,IN,East,Kolkata,2026-01-13,3
469,vivaan.gupta469@example.com,Vivaan,Gupta,IN,North,Delhi,2026-03-23,2
470,aanya.gupta470@example.com,Aanya,Gupta,IN,North,Delhi,2026-05-11,6
471,vivaan.chatterjee471@example.com,Vivaan,Chatterjee,IN,West,Pune,2026-04-04,1
472,riya.patel472@example.com,Riya,Patel,IN,East,Kolkata,2026-05-03,6
473,emily.sen473@example.com,Emily,Sen,IN,East,Kolkata,2026-01-31,4
474,kabir.lee474@example.com,Kabir,Lee,AE,Dubai,Dubai,2026-05-19,6
475,priya.lee475@example.com,Priya,Lee,IN,East,Kolkata,2026-03-29,3
476,rahul.roy476@example.com,Rahul,Roy,IN,East,Kolkata,2026-05-06,2
477,lucas.brown477@example.com,Lucas,Brown,IN,South,Bengaluru,2026-03-20,2
478,aditya.mehta478@example.com,Aditya,Mehta,AE,Dubai,Dubai,2026-04-27,2
479,olivia.sen479@example.com,Olivia,Sen,IN,East,Kolkata,2026-03-03,2
480,neha.wilson480@example.com,Neha,Wilson,IN,West,Pune,2026-06-24,2
481,rahul.iyer481@example.com,Rahul,Iyer,IN,East,Kolkata,2026-02-21,1
482,aditya.brown482@example.com,Aditya,Brown,IN,East,Kolkata,2026-03-06,4
483,siddharth.smith483@example.com,Siddharth,Smith,IN,East,Kolkata,2026-05-29,2
484,lucas.johnson484@example.com,Lucas,Johnson,IN,East,Kolkata,2026-04-29,5
485,priya.iyer485@example.com,Priya,Iyer,IN,East,Kolkata,2026-06-11,5
486,liam.smith486@example.com,Liam,Smith,IN,North,Delhi,2026-03-19,1
487,neha.mehta487@example.com,Neha,Mehta,IN,East,Kolkata,2026-03-10,4
488,arjun.mitra488@example.com,Arjun,Mitra,US,West,Seattle,2026-03-25,4
489,olivia.patel489@example.com,Olivia,Patel,IN,East,Kolkata,2026-06-05,3
490,meera.das490@example.com,Meera,Das,IN,West,Pune,2026-05-22,2
491,meera.singh491@example.com,Meera,Singh,AE,Dubai,Dubai,2026-05-11,4
492,rohan.chatterjee492@example.com,Rohan,Chatterjee,US,West,Seattle,2026-01-13,3
493,nisha.wilson493@example.com,Nisha,Wilson,IN,West,Pune,2026-05-17,2
494,aanya.nair494@example.com,Aanya,Nair,IN,West,Mumbai,2026-05-22,4
495,james.brown495@example.com,James,Brown,IN,South,Bengaluru,2026-03-27,4
496,aanya.singh496@example.com,Aanya,Singh,IN,East,Kolkata,2026-01-04,3
497,siddharth.brown497@example.com,Siddharth,Brown,IN,West,Pune,2026-04-15,1
498,ananya.roy498@example.com,Ananya,Roy,IN,East,Kolkata,2026-05-08,6
499,noah.lee499@example.com,Noah,Lee,IN,East,Kolkata,2026-01-15,2
500,aarav.das500@example.com,Aarav,Das,IN,South,Bengaluru,2026-05-03,2
501,aanya.roy501@example.com,Aanya,Roy,IN,East,Kolkata,2026-02-07,2
502,sophia.das502@example.com,Sophia,Das,IN,East,Kolkata,2026-03-30,1
503,olivia.gupta503@example.com,Olivia,Gupta,IN,West,Mumbai,2026-03-01,2
504,sophia.patel504@example.com,Sophia,Patel,IN,North,Delhi,2026-04-06,2
505,olivia.khan505@example.com,Olivia,Khan,IN,West,Mumbai,2026-04-29,6
506,liam.smith506@example.com,Liam,Smith,IN,South,Hyderabad,2026-05-17,1
507,olivia.patel507@example.com,Olivia,Patel,IN,North,Delhi,2026-03-13,4
508,noah.sen508@example.com,Noah,Sen,IN,East,Kolkata,2026-01-12,2
509,kabir.iyer509@example.com,Kabir,Iyer,IN,North,Delhi,2026-01-29,3
510,nisha.smith510@example.com,Nisha,Smith,IN,South,Bengaluru,2026-01-25,4
511,priya.wilson511@example.com,Priya,Wilson,IN,East,Kolkata,2026-05-17,1
512,ananya.wilson512@example.com,Ananya,Wilson,IN,East,Kolkata,2026-01-02,1
513,meera.khan513@example.com,Meera,Khan,AE,Dubai,Dubai,2026-04-07,6
514,olivia.johnson514@example.com,Olivia,Johnson,IN,North,Delhi,2026-02-22,2
515,siddharth.mitra515@example.com,Siddharth,Mitra,IN,South,Hyderabad,2026-06-25,1
516,nisha.khan516@example.com,Nisha,Khan,IN,East,Kolkata,2026-01-31,2
517,liam.gupta517@example.com,Liam,Gupta,AE,Dubai,Dubai,2026-06-04,4
518,lucas.smith518@example.com,Lucas,Smith,IN,West,Mumbai,2026-06-08,2
519,emily.das519@example.com,Emily,Das,IN,West,Pune,2026-01-19,1
520,ishita.sharma520@example.com,Ishita,Sharma,IN,West,Pune,2026-05-15,1
521,aditya.johnson521@example.com,Aditya,Johnson,IN,East,Kolkata,2026-01-27,5
522,karan.das522@example.com,Karan,Das,IN,North,Delhi,2026-02-06,2
523,arjun.singh523@example.com,Arjun,Singh,IN,West,Mumbai,2026-02-20,6
524,emma.mehta524@example.com,Emma,Mehta,IN,East,Kolkata,2026-04-09,1
525,diya.singh525@example.com,Diya,Singh,IN,South,Hyderabad,2026-03-08,2
526,liam.johnson526@example.com,Liam,Johnson,IN,East,Kolkata,2026-01-10,1
527,emma.nair527@example.com,Emma,Nair,IN,West,Pune,2026-04-01,2
528,karan.johnson528@example.com,Karan,Johnson,IN,South,Bengaluru,2026-06-16,5
529,liam.das529@example.com,Liam,Das,IN,North,Delhi,2026-02-17,6
530,nisha.sen530@example.com,Nisha,Sen,IN,West,Mumbai,2026-04-09,1
531,aanya.roy531@example.com,Aanya,Roy,US,East,New York,2026-03-18,1
532,liam.nair532@example.com,Liam,Nair,IN,West,Pune,2026-01-18,6
533,kabir.sharma533@example.com,Kabir,Sharma,US,East,New York,2026-01-17,1
534,james.singh534@example.com,James,Singh,IN,North,Delhi,2026-01-29,1
535,emma.mitra535@example.com,Emma,Mitra,IN,North,Delhi,2026-01-03,4
536,meera.lee536@example.com,Meera,Lee,IN,South,Bengaluru,2026-06-10,2
537,liam.mitra537@example.com,Liam,Mitra,IN,South,Hyderabad,2026-04-20,6
538,james.smith538@example.com,James,Smith,GB,England,London,2026-05-20,6
539,liam.patel539@example.com,Liam,Patel,IN,West,Pune,2026-01-04,3
540,aditya.singh540@example.com,Aditya,Singh,US,West,Seattle,2026-02-06,2
541,nisha.khan541@example.com,Nisha,Khan,IN,South,Bengaluru,2026-02-22,2
542,diya.singh542@example.com,Diya,Singh,IN,East,Kolkata,2026-02-05,3
543,arjun.brown543@example.com,Arjun,Brown,IN,South,Hyderabad,2026-06-30,4
544,siddharth.wilson544@example.com,Siddharth,Wilson,IN,South,Hyderabad,2026-05-23,5
545,rohan.patel545@example.com,Rohan,Patel,IN,South,Bengaluru,2026-03-31,2
546,james.mitra546@example.com,James,Mitra,IN,East,Kolkata,2026-05-17,3
547,emma.mitra547@example.com,Emma,Mitra,IN,East,Kolkata,2026-04-22,1
548,priya.wilson548@example.com,Priya,Wilson,IN,East,Kolkata,2026-03-07,1
549,emma.chatterjee549@example.com,Emma,Chatterjee,US,East,New York,2026-04-24,6
550,vivaan.das550@example.com,Vivaan,Das,IN,North,Delhi,2026-04-23,2
551,james.mehta551@example.com,James,Mehta,IN,North,Delhi,2026-01-24,3
552,ishita.johnson552@example.com,Ishita,Johnson,IN,East,Kolkata,2026-04-21,4
553,ishita.das553@example.com,Ishita,Das,IN,North,Delhi,2026-02-22,1
554,noah.mitra554@example.com,Noah,Mitra,IN,North,Delhi,2026-05-06,1
555,meera.gupta555@example.com,Meera,Gupta,IN,North,Delhi,2026-04-28,1
556,aarav.nair556@example.com,Aarav,Nair,IN,North,Delhi,2026-04-10,5
557,arjun.singh557@example.com,Arjun,Singh,IN,South,Bengaluru,2026-02-09,4
558,aditya.iyer558@example.com,Aditya,Iyer,IN,East,Kolkata,2026-04-10,2
559,diya.mehta559@example.com,Diya,Mehta,IN,East,Kolkata,2026-06-11,1
560,liam.roy560@example.com,Liam,Roy,IN,West,Pune,2026-01-10,1
561,ishita.das561@example.com,Ishita,Das,IN,North,Delhi,2026-02-14,2
562,riya.roy562@example.com,Riya,Roy,IN,West,Pune,2026-05-12,1
563,priya.chatterjee563@example.com,Priya,Chatterjee,US,East,New York,2026-03-15,4
564,olivia.iyer564@example.com,Olivia,Iyer,IN,North,Delhi,2026-05-19,1
565,arjun.singh565@example.com,Arjun,Singh,IN,South,Hyderabad,2026-05-13,6
566,olivia.lee566@example.com,Olivia,Lee,IN,East,Kolkata,2026-04-23,2
567,arjun.roy567@example.com,Arjun,Roy,GB,England,London,2026-05-02,4
568,karan.iyer568@example.com,Karan,Iyer,IN,South,Bengaluru,2026-06-02,1
569,diya.smith569@example.com,Diya,Smith,IN,North,Delhi,2026-04-07,2
570,liam.iyer570@example.com,Liam,Iyer,IN,North,Delhi,2026-01-27,1
571,meera.das571@example.com,Meera,Das,IN,North,Delhi,2026-04-28,4
572,aditya.brown572@example.com,Aditya,Brown,IN,North,Delhi,2026-02-24,6
573,james.patel573@example.com,James,Patel,IN,South,Hyderabad,2026-05-14,1
574,kabir.das574@example.com,Kabir,Das,IN,South,Hyderabad,2026-03-27,1
575,aarav.brown575@example.com,Aarav,Brown,IN,North,Delhi,2026-05-03,1
576,meera.brown576@example.com,Meera,Brown,AE,Dubai,Dubai,2026-03-01,6
577,vivaan.johnson577@example.com,Vivaan,Johnson,IN,North,Delhi,2026-06-20,1
578,saanvi.patel578@example.com,Saanvi,Patel,IN,West,Mumbai,2026-01-22,3
579,emma.roy579@example.com,Emma,Roy,IN,West,Pune,2026-06-16,5
580,aanya.gupta580@example.com,Aanya,Gupta,IN,West,Pune,2026-03-16,3
581,emma.sharma581@example.com,Emma,Sharma,IN,North,Delhi,2026-03-22,1
582,emma.nair582@example.com,Emma,Nair,IN,East,Kolkata,2026-01-02,4
583,sophia.sharma583@example.com,Sophia,Sharma,IN,South,Bengaluru,2026-06-08,1
584,noah.smith584@example.com,Noah,Smith,IN,West,Pune,2026-04-15,1
585,olivia.sharma585@example.com,Olivia,Sharma,US,West,Seattle,2026-05-24,1
586,lucas.singh586@example.com,Lucas,Singh,IN,North,Delhi,2026-02-07,2
587,emily.mitra587@example.com,Emily,Mitra,IN,East,Kolkata,2026-03-30,1
588,nisha.mitra588@example.com,Nisha,Mitra,IN,South,Hyderabad,2026-01-29,4
589,maya.roy589@example.com,Maya,Roy,IN,West,Pune,2026-04-16,2
590,rohan.gupta590@example.com,Rohan,Gupta,IN,South,Hyderabad,2026-06-02,3
591,aanya.khan591@example.com,Aanya,Khan,IN,South,Bengaluru,2026-01-29,3
592,emily.iyer592@example.com,Emily,Iyer,IN,North,Delhi,2026-05-23,3
593,riya.gupta593@example.com,Riya,Gupta,IN,North,Delhi,2026-05-16,1
594,karan.smith594@example.com,Karan,Smith,IN,North,Delhi,2026-02-09,2
595,priya.johnson595@example.com,Priya,Johnson,AE,Dubai,Dubai,2026-02-12,3
596,siddharth.roy596@example.com,Siddharth,Roy,IN,South,Hyderabad,2026-02-22,5
597,maya.roy597@example.com,Maya,Roy,IN,West,Pune,2026-06-26,1
598,karan.khan598@example.com,Karan,Khan,US,East,New York,2026-06-25,1
599,saanvi.chatterjee599@example.com,Saanvi,Chatterjee,IN,West,Pune,2026-06-24,2
600,priya.patel600@example.com,Priya,Patel,GB,England,London,2026-01-09,3
601,lucas.singh601@example.com,Lucas,Singh,IN,South,Hyderabad,2026-02-21,3
602,maya.patel602@example.com,Maya,Patel,IN,East,Kolkata,2026-04-22,4
603,riya.johnson603@example.com,Riya,Johnson,IN,East,Kolkata,2026-01-07,5
604,karan.johnson604@example.com,Karan,Johnson,IN,East,Kolkata,2026-02-23,4
605,sophia.das605@example.com,Sophia,Das,IN,North,Delhi,2026-05-26,6
606,emily.brown606@example.com,Emily,Brown,IN,South,Bengaluru,2026-05-03,1
607,aarav.roy607@example.com,Aarav,Roy,IN,North,Delhi,2026-04-17,4
608,noah.mitra608@example.com,Noah,Mitra,IN,North,Delhi,2026-03-18,1
609,meera.sharma609@example.com,Meera,Sharma,IN,North,Delhi,2026-06-15,2
610,james.sen610@example.com,James,Sen,IN,East,Kolkata,2026-05-27,2
611,meera.nair611@example.com,Meera,Nair,IN,North,Delhi,2026-03-14,2
612,lucas.sharma612@example.com,Lucas,Sharma,IN,South,Bengaluru,2026-01-25,4
613,riya.sen613@example.com,Riya,Sen,IN,West,Pune,2026-06-27,1
614,vivaan.mehta614@example.com,Vivaan,Mehta,IN,East,Kolkata,2026-06-14,2
615,rahul.sharma615@example.com,Rahul,Sharma,IN,East,Kolkata,2026-06-03,3
616,vivaan.das616@example.com,Vivaan,Das,IN,North,Delhi,2026-06-02,1
617,aditya.singh617@example.com,Aditya,Singh,IN,South,Bengaluru,2026-03-17,1
618,nisha.iyer618@example.com,Nisha,Iyer,IN,East,Kolkata,2026-03-18,3
619,vivaan.chatterjee619@example.com,Vivaan,Chatterjee,IN,West,Pune,2026-02-12,2
620,vivaan.lee620@example.com,Vivaan,Lee,GB,England,London,2026-03-17,6
621,meera.iyer621@example.com,Meera,Iyer,IN,West,Pune,2026-01-17,4
622,rohan.chatterjee622@example.com,Rohan,Chatterjee,IN,North,Delhi,2026-05-14,2
623,liam.iyer623@example.com,Liam,Iyer,IN,North,Delhi,2026-03-11,6
624,saanvi.roy624@example.com,Saanvi,Roy,IN,South,Bengaluru,2026-03-06,2
625,diya.brown625@example.com,Diya,Brown,IN,South,Bengaluru,2026-01-26,5
626,karan.singh626@example.com,Karan,Singh,IN,West,Pune,2026-05-04,1
627,emma.das627@example.com,Emma,Das,IN,North,Delhi,2026-04-02,2
628,aanya.mehta628@example.com,Aanya,Mehta,IN,North,Delhi,2026-06-17,2
629,karan.wilson629@example.com,Karan,Wilson,IN,North,Delhi,2026-01-23,3
630,vivaan.gupta630@example.com,Vivaan,Gupta,IN,West,Mumbai,2026-04-16,3
631,karan.mehta631@example.com,Karan,Mehta,GB,England,London,2026-03-03,3
632,ananya.sen632@example.com,Ananya,Sen,IN,East,Kolkata,2026-05-28,3
633,riya.sharma633@example.com,Riya,Sharma,IN,East,Kolkata,2026-02-21,1
634,rohan.brown634@example.com,Rohan,Brown,IN,East,Kolkata,2026-01-16,1
635,aditya.das635@example.com,Aditya,Das,IN,South,Bengaluru,2026-03-06,4
636,rohan.johnson636@example.com,Rohan,Johnson,IN,East,Kolkata,2026-03-22,2
637,aarav.sen637@example.com,Aarav,Sen,IN,West,Mumbai,2026-05-17,1
638,maya.johnson638@example.com,Maya,Johnson,IN,South,Hyderabad,2026-06-05,1
639,meera.sen639@example.com,Meera,Sen,US,East,New York,2026-02-06,2
640,saanvi.singh640@example.com,Saanvi,Singh,IN,South,Bengaluru,2026-03-12,2
641,emma.mitra641@example.com,Emma,Mitra,AE,Dubai,Dubai,2026-03-16,3
642,saanvi.iyer642@example.com,Saanvi,Iyer,IN,West,Mumbai,2026-01-19,2
643,priya.nair643@example.com,Priya,Nair,IN,East,Kolkata,2026-02-06,6
644,rohan.sen644@example.com,Rohan,Sen,IN,East,Kolkata,2026-02-06,2
645,karan.smith645@example.com,Karan,Smith,IN,East,Kolkata,2026-02-04,3
646,aditya.patel646@example.com,Aditya,Patel,IN,South,Bengaluru,2026-05-31,2
647,rohan.singh647@example.com,Rohan,Singh,IN,North,Delhi,2026-03-18,1
648,kabir.singh648@example.com,Kabir,Singh,IN,South,Bengaluru,2026-03-06,1
649,rohan.singh649@example.com,Rohan,Singh,IN,South,Hyderabad,2026-01-06,2
650,aditya.gupta650@example.com,Aditya,Gupta,US,East,New York,2026-02-04,3
651,lucas.smith651@example.com,Lucas,Smith,IN,East,Kolkata,2026-04-14,2
652,neha.lee652@example.com,Neha,Lee,IN,South,Bengaluru,2026-06-29,1
653,aditya.johnson653@example.com,Aditya,Johnson,IN,South,Bengaluru,2026-04-02,4
654,diya.iyer654@example.com,Diya,Iyer,IN,South,Bengaluru,2026-06-12,2
655,diya.nair655@example.com,Diya,Nair,IN,North,Delhi,2026-02-24,6
656,nisha.smith656@example.com,Nisha,Smith,IN,East,Kolkata,2026-05-07,2
657,aanya.brown657@example.com,Aanya,Brown,IN,West,Pune,2026-04-23,4
658,rahul.iyer658@example.com,Rahul,Iyer,IN,South,Hyderabad,2026-06-17,1
659,emily.roy659@example.com,Emily,Roy,IN,North,Delhi,2026-05-08,2
660,karan.gupta660@example.com,Karan,Gupta,IN,West,Pune,2026-06-16,1
661,rahul.singh661@example.com,Rahul,Singh,IN,North,Delhi,2026-05-11,1
662,arjun.das662@example.com,Arjun,Das,IN,North,Delhi,2026-01-16,1
663,vivaan.gupta663@example.com,Vivaan,Gupta,IN,South,Bengaluru,2026-06-05,3
664,sophia.iyer664@example.com,Sophia,Iyer,US,East,New York,2026-03-04,2
665,priya.singh665@example.com,Priya,Singh,IN,South,Bengaluru,2026-05-22,4
666,olivia.chatterjee666@example.com,Olivia,Chatterjee,IN,West,Pune,2026-05-21,3
667,rohan.singh667@example.com,Rohan,Singh,IN,South,Hyderabad,2026-04-12,1
668,vivaan.roy668@example.com,Vivaan,Roy,IN,North,Delhi,2026-04-21,4
669,james.iyer669@example.com,James,Iyer,IN,South,Bengaluru,2026-01-23,2
670,rohan.iyer670@example.com,Rohan,Iyer,IN,North,Delhi,2026-06-24,6
671,neha.iyer671@example.com,Neha,Iyer,IN,East,Kolkata,2026-05-08,1
672,rohan.das672@example.com,Rohan,Das,IN,South,Bengaluru,2026-06-06,4
673,ishita.sharma673@example.com,Ishita,Sharma,IN,West,Mumbai,2026-02-02,2
674,arjun.lee674@example.com,Arjun,Lee,IN,West,Pune,2026-04-23,1
675,olivia.mitra675@example.com,Olivia,Mitra,IN,South,Hyderabad,2026-05-22,1
676,emily.lee676@example.com,Emily,Lee,IN,East,Kolkata,2026-01-17,2
677,olivia.iyer677@example.com,Olivia,Iyer,US,East,New York,2026-02-13,3
678,liam.gupta678@example.com,Liam,Gupta,IN,East,Kolkata,2026-01-21,5
679,maya.chatterjee679@example.com,Maya,Chatterjee,AE,Dubai,Dubai,2026-02-14,4
680,vivaan.wilson680@example.com,Vivaan,Wilson,IN,West,Mumbai,2026-05-04,2
681,liam.mitra681@example.com,Liam,Mitra,IN,West,Pune,2026-06-06,1
682,sophia.sen682@example.com,Sophia,Sen,IN,North,Delhi,2026-05-16,6
683,maya.nair683@example.com,Maya,Nair,IN,South,Hyderabad,2026-03-05,2
684,riya.lee684@example.com,Riya,Lee,IN,North,Delhi,2026-05-04,1
685,neha.sen685@example.com,Neha,Sen,AE,Dubai,Dubai,2026-06-22,1
686,aanya.brown686@example.com,Aanya,Brown,IN,West,Mumbai,2026-02-10,1
687,nisha.lee687@example.com,Nisha,Lee,IN,West,Mumbai,2026-03-12,3
688,rohan.mehta688@example.com,Rohan,Mehta,IN,East,Kolkata,2026-04-12,1
689,emma.iyer689@example.com,Emma,Iyer,IN,East,Kolkata,2026-02-08,3
690,vivaan.johnson690@example.com,Vivaan,Johnson,IN,West,Mumbai,2026-06-28,2
691,nisha.sharma691@example.com,Nisha,Sharma,IN,East,Kolkata,2026-03-26,2
692,noah.roy692@example.com,Noah,Roy,US,East,New York,2026-06-22,6
693,siddharth.gupta693@example.com,Siddharth,Gupta,IN,South,Bengaluru,2026-03-13,1
694,ananya.chatterjee694@example.com,Ananya,Chatterjee,IN,East,Kolkata,2026-01-07,3
695,noah.roy695@example.com,Noah,Roy,IN,North,Delhi,2026-02-05,6
696,olivia.sen696@example.com,Olivia,Sen,IN,West,Mumbai,2026-06-19,2
697,aarav.chatterjee697@example.com,Aarav,Chatterjee,IN,West,Mumbai,2026-02-06,2
698,emily.brown698@example.com,Emily,Brown,IN,East,Kolkata,2026-05-06,3
699,karan.wilson699@example.com,Karan,Wilson,IN,West,Pune,2026-06-15,1
700,lucas.chatterjee700@example.com,Lucas,Chatterjee,IN,South,Bengaluru,2026-03-21,2
