order_item_id,order_id,product_id,quantity,unit_price,discount
1,1,10,1,51.92,4.15
2,1,7,1,37.12,5.57
3,1,24,1,19.6,0.0
4,2,19,1,17.52,0.88
5,2,31,2,11.91,0.0
6,3,9,1,31.66,4.75
7,3,10,1,50.23,0.0
8,4,26,2,24.26,2.43
9,4,18,3,23.05,0.0
10,4,28,2,19.57,0.0
11,4,17,1,21.55,0.0
12,5,29,3,14.93,0.0
13,5,4,1,38.52,3.85
14,6,9,1,31.7,3.17
15,7,30,1,25.73,1.29
16,8,12,1,17.66,1.41
17,9,12,1,18.49,1.48
18,10,1,1,48.59,4.86
19,10,16,2,28.09,0.0
20,10,12,3,18.21,5.46
21,11,17,1,21.53,3.23
22,12,25,1,33.26,1.66
23,12,11,1,27.89,1.39
24,13,13,1,34.08,1.7
25,14,3,1,63.32,0.0
26,14,26,1,23.89,2.39
27,15,15,2,39.29,7.86
28,16,19,1,17.9,0.0
29,16,9,1,30.96,1.55
30,17,4,1,39.08,5.86
31,18,10,1,52.69,0.0
32,19,23,2,17.28,1.73
33,19,18,3,23.35,7.01
34,20,14,1,21.27,1.7
35,21,21,1,14.08,0.0
36,22,22,1,28.58,0.0
37,22,3,1,62.02,0.0
38,22,19,2,17.85,0.0
39,23,24,1,19.13,0.96
40,24,13,2,32.67,9.8
41,24,27,1,23.0,0.0
42,25,22,2,27.85,0.0
43,25,19,2,18.56,0.0
44,26,7,1,35.05,2.8
45,27,22,2,28.76,4.6
46,28,17,2,20.68,0.0
47,29,23,1,16.76,0.0
48,30,31,1,11.89,1.78
49,31,17,1,20.69,0.0
50,31,20,1,11.83,1.18
51,32,20,2,11.77,3.53
52,32,5,1,91.87,13.78
53,33,18,1,24.13,0.0
54,33,5,2,86.06,0.0
55,33,17,1,21.64,0.0
56,33,13,1,33.35,2.67
57,34,28,3,19.23,0.0
58,35,11,1,30.05,3.01
59,35,1,1,49.49,2.47
60,36,22,1,28.85,4.33
61,37,29,2,15.01,4.5
62,38,26,1,23.17,2.32
63,39,14,1,21.47,3.22
64,39,26,1,23.6,0.0
65,40,26,1,24.59,3.69
66,40,22,1,29.0,1.45
67,40,25,1,32.94,1.65
68,41,11,1,29.44,0.0
69,41,31,2,12.46,2.49
70,41,30,1,26.79,1.34
71,42,8,1,19.54,0.0
72,42,16,1,28.49,0.0
73,43,6,2,34.48,0.0
74,44,2,1,81.9,4.1
75,44,3,1,62.45,3.12
76,44,9,1,32.02,4.8
77,45,26,1,24.62,2.46
78,46,6,2,34.97,3.5
79,46,26,1,24.42,0.0
80,47,25,1,34.14,0.0
81,48,11,1,30.03,2.4
82,49,20,1,11.92,0.0
83,49,11,1,28.15,2.25
84,50,10,1,53.36,8.0
85,51,13,1,34.35,1.72
86,52,26,1,23.43,2.34
87,53,8,2,18.42,0.0
88,54,12,1,17.46,0.87
89,55,5,1,86.41,0.0
90,56,16,1,28.07,0.0
91,57,27,2,23.77,2.38
92,58,28,1,19.34,0.0
93,59,8,3,19.02,5.71
94,60,26,1,24.5,2.45
95,61,13,2,34.32,10.3
96,61,12,1,17.58,0.0
97,61,11,1,29.96,0.0
98,62,7,1,35.61,0.0
99,63,7,1,36.34,0.0
100,63,20,1,11.8,1.18
101,63,19,1,18.71,0.0
102,64,2,1,78.97,0.0
103,65,23,1,16.77,2.52
104,66,29,1,15.19,0.0
105,66,9,1,32.62,0.0
106,66,6,2,33.87,6.77
107,67,5,2,85.92,25.78
108,68,18,2,23.04,6.91
109,68,25,2,32.9,3.29
110,68,11,1,30.14,0.0
111,68,10,2,51.59,0.0
112,69,7,1,36.4,2.91
113,70,2,1,79.53,0.0
114,70,31,1,11.77,0.0
115,70,21,2,13.65,2.18
116,71,28,1,20.27,1.62
117,71,3,2,62.25,0.0
118,72,23,1,17.12,2.57
119,72,27,1,22.8,1.14
120,73,21,1,13.52,1.08
121,74,1,1,50.82,5.08
122,75,23,2,16.83,0.0
123,75,13,1,35.34,3.53
124,76,27,1,23.11,0.0
125,77,7,1,36.67,0.0
126,78,18,2,24.86,0.0
127,78,15,1,38.87,0.0
128,79,25,1,32.42,4.86
129,79,20,2,12.2,0.0
130,80,18,2,24.37,2.44
131,81,7,1,37.17,0.0
132,81,13,1,35.12,5.27
133,82,7,1,35.14,0.0
134,83,31,2,12.12,0.0
135,84,3,1,62.9,0.0
136,85,18,1,23.74,0.0
137,85,28,1,20.76,2.08
138,86,12,1,18.26,0.0
139,87,24,1,18.57,0.0
140,88,13,2,33.13,0.0
141,89,10,2,52.82,10.56
142,90,19,1,18.58,1.86
143,90,15,2,39.01,0.0
144,90,20,2,12.17,1.22
145,91,8,1,18.5,1.85
146,91,6,1,35.84,1.79
147,91,11,1,29.6,2.37
148,91,28,2,20.79,0.0
149,92,13,1,32.99,0.0
150,93,12,2,18.28,1.83
151,94,23,2,16.34,0.0
152,95,4,1,40.3,2.02
153,96,28,1,20.14,0.0
154,97,11,1,28.47,4.27
155,97,28,1,19.21,0.96
156,97,4,1,39.09,3.13
157,98,6,1,35.97,0.0
158,99,5,1,89.03,13.35
159,99,24,1,19.46,0.0
160,100,6,1,34.35,3.44
161,101,14,1,21.48,1.72
162,101,27,1,22.91,0.0
163,102,8,1,19.6,2.94
164,103,5,1,92.18,9.22
165,103,8,1,19.57,0.0
166,103,18,1,24.83,2.48
167,103,21,3,13.94,0.0
168,104,9,2,32.33,3.23
169,105,27,1,22.6,0.0
170,106,16,1,29.1,2.33
171,106,18,1,23.79,2.38
172,107,25,2,34.07,3.41
173,108,29,1,14.77,2.22
174,109,19,1,17.96,2.69
175,109,10,1,52.22,0.0
176,109,18,1,24.59,1.97
177,110,13,2,32.85,5.26
178,110,26,1,23.1,1.16
179,110,3,1,66.35,0.0
180,111,21,1,13.91,1.39
181,111,24,1,18.57,0.0
182,112,28,1,20.18,1.01
183,112,17,2,20.41,0.0
184,113,4,1,38.01,0.0
185,114,27,1,22.99,1.15
186,114,8,2,18.77,0.0
187,115,26,1,24.01,3.6
188,116,21,1,13.56,1.36
189,116,14,2,21.67,0.0
190,117,17,1,21.51,1.72
191,117,14,1,21.75,0.0
192,117,19,2,18.42,0.0
193,118,18,1,24.29,2.43
194,118,9,1,32.65,0.0
195,118,25,1,31.82,1.59
196,119,30,1,26.34,0.0
197,120,12,1,18.06,0.0
198,121,2,2,79.0,0.0
199,121,12,1,17.47,1.4
200,122,28,1,19.76,0.0
201,123,13,1,34.5,5.17
202,124,15,3,39.43,11.83
203,125,17,1,20.31,2.03
204,125,5,1,88.64,0.0
205,125,31,1,12.02,0.0
206,126,27,1,22.7,0.0
207,126,6,1,36.37,0.0
208,126,12,1,18.46,1.85
209,127,12,1,18.03,2.7
210,128,22,1,28.51,0.0
211,129,28,1,20.05,0.0
212,129,3,1,65.21,9.78
213,129,21,1,14.04,0.0
214,129,11,2,29.5,5.9
215,130,1,1,50.42,4.03
216,130,5,1,86.83,13.02
217,131,1,1,47.81,7.17
218,131,11,1,29.9,0.0
219,131,15,1,40.33,2.02
220,132,15,1,38.9,0.0
221,133,4,1,38.81,0.0
222,133,26,2,24.48,0.0
223,134,17,1,21.4,0.0
224,134,31,2,11.63,1.86
225,134,4,1,40.18,0.0
226,135,1,1,49.71,0.0
227,136,27,1,23.58,1.18
228,136,29,1,14.71,0.0
229,137,24,1,19.0,1.52
230,138,18,2,23.88,3.82
231,139,7,1,36.33,2.91
232,140,20,1,12.46,0.0
233,140,2,2,81.61,0.0
234,140,25,1,33.7,5.06
235,141,10,1,51.68,0.0
236,141,13,1,35.03,0.0
237,142,8,1,19.43,0.0
238,143,26,2,24.64,4.93
239,144,12,2,18.67,5.6
240,145,29,2,14.61,1.46
241,146,9,2,31.38,3.14
242,146,30,1,25.35,0.0
243,147,18,1,24.86,3.73
244,148,17,2,20.51,0.0
245,149,15,1,38.31,0.0
246,149,6,1,36.02,3.6
247,150,10,1,50.67,4.05
248,151,1,2,50.5,0.0
249,152,15,1,39.13,5.87
250,152,26,1,23.66,0.0
251,152,23,1,16.75,0.0
252,153,23,1,17.56,2.63
253,154,18,1,23.58,1.89
254,155,30,3,25.57,0.0
255,155,10,1,49.99,2.5
256,156,25,2,32.09,0.0
257,157,20,1,12.32,1.85
258,158,25,1,32.98,0.0
259,158,31,2,11.8,0.0
260,159,17,3,21.19,3.18
261,160,23,1,16.72,0.0
262,161,5,2,87.06,17.41
263,161,2,1,78.75,11.81
264,162,13,1,32.65,1.63
265,163,5,1,87.51,0.0
266,163,3,1,61.83,0.0
267,164,8,1,19.61,0.98
268,165,30,2,26.36,0.0
269,166,25,1,32.41,2.59
270,166,19,2,17.38,1.74
271,167,23,1,17.18,1.72
272,167,12,1,18.61,0.0
273,167,28,1,19.43,1.55
274,168,19,1,18.13,0.0
275,168,18,1,23.59,1.18
276,169,17,2,20.89,2.09
277,170,18,1,23.55,1.88
278,171,1,1,50.82,0.0
279,171,24,1,18.87,0.94
280,172,1,1,47.67,0.0
281,173,28,1,20.45,1.02
282,173,16,1,27.1,0.0
283,174,3,1,63.5,5.08
284,175,6,1,36.4,0.0
285,176,7,1,34.89,1.74
286,176,19,1,17.99,0.0
287,177,29,2,14.51,0.0
288,177,6,1,34.15,3.42
289,177,27,1,22.53,1.13
290,178,14,2,22.28,0.0
291,179,9,2,32.44,5.19
292,179,28,1,19.2,0.0
293,180,19,2,18.35,2.94
294,181,15,1,37.89,3.79
295,181,4,1,37.97,0.0
296,181,1,1,48.04,7.21
297,182,10,1,50.51,0.0
298,182,29,1,15.53,1.55
299,183,22,1,27.96,1.4
300,184,4,1,37.62,0.0
301,185,26,1,24.52,1.23
302,186,4,1,37.96,5.69
303,186,14,3,21.39,3.21
304,186,11,1,29.89,4.48
305,187,15,2,38.94,11.68
306,187,1,1,50.29,2.51
307,188,30,2,26.79,2.68
308,188,8,2,18.66,2.99
309,188,25,1,32.6,0.0
310,189,2,2,78.05,23.41
311,190,11,1,29.65,0.0
312,190,12,1,18.35,1.47
313,191,10,1,50.08,0.0
314,191,16,1,28.35,0.0
315,191,21,1,14.38,2.16
316,191,22,1,27.85,0.0
317,192,15,1,39.97,3.2
318,193,27,1,22.85,1.83
319,194,27,1,22.93,1.15
320,194,22,1,28.88,0.0
321,195,2,1,78.88,11.83
322,196,13,1,33.37,1.67
323,197,24,2,18.25,0.0
324,197,7,1,34.62,0.0
325,197,28,1,19.74,0.99
326,197,17,1,20.82,0.0
327,198,20,1,12.24,0.0
328,199,8,2,18.37,2.94
329,199,7,2,37.2,5.95
330,199,3,1,62.55,6.25
331,200,4,1,39.91,0.0
332,201,14,1,21.62,1.73
333,201,22,1,28.83,2.31
334,202,28,2,20.26,0.0
335,203,4,1,38.66,5.8
336,204,24,1,19.45,1.56
337,205,9,1,32.28,0.0
338,206,21,1,14.45,0.0
339,207,5,1,91.76,0.0
340,207,4,1,38.7,3.87
341,207,10,1,51.69,0.0
342,208,20,1,12.37,0.62
343,209,12,1,18.56,0.0
344,210,11,2,27.92,4.47
345,210,5,1,91.62,0.0
346,211,31,1,11.61,1.74
347,211,22,1,28.39,2.84
348,212,29,2,14.72,2.36
349,213,11,1,29.2,0.0
350,213,7,1,35.01,1.75
351,214,10,1,53.18,7.98
352,214,11,1,29.02,0.0
353,214,26,2,24.44,4.89
354,214,30,1,26.4,2.64
355,215,1,2,47.32,4.73
356,216,21,2,13.55,1.36
357,217,10,1,53.76,0.0
358,217,13,1,33.41,0.0
359,218,9,1,32.14,1.61
360,219,4,2,39.42,0.0
361,219,18,1,23.06,3.46
362,219,11,1,28.63,2.86
363,219,22,1,28.04,0.0
364,220,24,1,18.36,2.75
365,221,15,1,37.72,5.66
366,221,11,3,29.89,13.45
367,222,7,1,37.36,3.74
368,222,26,1,23.58,1.89
369,223,16,1,28.02,4.2
370,224,19,3,18.23,8.2
371,225,15,1,39.84,5.98
372,225,4,1,39.21,3.92
373,225,22,1,27.47,0.0
374,226,10,3,51.86,12.45
375,227,29,1,14.44,0.0
376,228,16,1,27.26,1.36
377,229,2,1,81.36,0.0
378,229,7,1,35.64,1.78
379,230,21,1,13.77,0.0
380,230,24,1,19.69,1.58
381,231,10,2,51.7,5.17
382,232,1,1,48.93,4.89
383,232,11,1,28.12,0.0
384,232,28,1,19.43,2.91
385,233,3,1,62.43,3.12
386,234,23,1,17.14,0.86
387,234,20,1,12.3,0.0
388,235,28,2,19.97,3.99
389,235,26,2,23.11,0.0
390,236,19,1,18.1,0.0
391,236,22,1,28.59,2.29
392,237,24,1,18.63,0.93
393,237,31,1,12.26,0.0
394,238,10,1,53.19,2.66
395,239,11,1,29.29,2.34
396,240,17,1,20.17,1.61
397,241,3,1,64.83,6.48
398,242,28,1,19.74,0.0
399,243,29,1,14.93,1.49
400,244,10,1,53.2,0.0
401,245,30,1,26.46,3.97
402,245,19,3,18.36,0.0
403,246,26,2,23.17,4.63
404,246,30,1,25.36,2.03
405,246,11,1,29.38,2.35
406,247,26,1,23.47,0.0
407,248,14,1,21.88,0.0
408,249,3,1,64.34,0.0
409,249,29,1,15.56,0.0
410,250,18,2,24.37,0.0
411,250,30,1,26.17,2.62
412,251,16,2,28.42,4.55
413,252,9,1,32.96,0.0
414,252,15,1,38.98,3.9
415,253,29,2,14.6,2.34
416,254,25,1,33.92,0.0
417,254,28,2,20.24,2.02
418,255,17,1,20.74,1.04
419,256,7,1,37.4,0.0
420,257,24,2,18.36,0.0
421,258,13,1,34.64,0.0
422,259,3,1,61.67,4.93
423,259,15,1,38.92,0.0
424,259,18,1,23.34,3.5
425,260,21,2,14.16,0.0
426,260,17,1,21.83,1.75
427,261,24,2,18.52,1.85
428,262,11,1,27.87,4.18
429,263,25,1,33.81,0.0
430,264,5,1,88.72,4.44
431,264,8,3,19.24,0.0
432,265,25,1,32.42,3.24
433,265,20,1,11.56,0.58
434,266,8,1,19.36,0.97
435,267,28,1,20.32,3.05
436,268,9,1,31.76,2.54
437,269,14,1,22.14,0.0
438,269,8,1,19.57,1.96
439,270,12,1,18.44,2.77
440,270,18,1,23.17,0.0
441,270,31,1,12.37,0.62
442,271,23,1,16.89,0.0
443,271,7,1,36.75,0.0
444,272,20,1,11.75,0.94
445,272,24,3,18.64,0.0
446,273,31,1,11.82,0.95
447,274,12,2,18.23,2.92
448,275,25,1,33.83,0.0
449,276,20,2,12.36,1.24
450,276,23,1,16.67,2.5
451,277,7,3,34.78,10.43
452,278,4,2,37.72,0.0
453,279,22,1,28.07,4.21
454,279,28,1,19.59,1.96
455,280,26,2,23.77,4.75
456,280,19,2,18.36,0.0
457,280,8,1,18.26,0.0
458,280,23,1,16.52,0.83
459,281,22,2,28.07,5.61
460,281,8,2,18.3,0.0
461,282,13,1,34.73,3.47
462,283,21,1,13.8,2.07
463,283,3,2,65.75,0.0
464,284,8,2,19.55,1.96
465,285,16,3,28.06,0.0
466,285,6,2,34.54,0.0
467,285,22,1,27.95,2.24
468,286,22,1,29.05,0.0
469,286,24,1,18.74,0.0
470,286,1,1,49.9,0.0
471,286,5,2,91.28,9.13
472,287,16,2,29.05,5.81
473,288,15,1,39.71,1.99
474,289,4,3,37.68,0.0
475,290,3,1,64.71,3.24
476,290,20,1,12.26,0.0
477,291,26,1,23.95,1.2
478,292,19,2,17.48,0.0
479,292,13,1,35.04,1.75
480,292,14,1,21.46,2.15
481,293,15,1,38.2,3.06
482,294,6,1,35.0,0.0
483,295,28,1,20.71,1.66
484,296,26,1,24.09,1.93
485,297,29,1,15.28,1.53
486,298,28,1,20.0,0.0
487,299,26,1,24.79,1.98
488,299,23,1,17.45,0.0
489,299,8,3,19.13,8.61
490,299,31,1,12.14,0.0
491,300,17,2,21.1,4.22
492,301,27,1,22.91,1.83
493,301,5,1,87.62,0.0
494,302,22,1,28.47,2.28
495,303,26,1,23.48,2.35
496,304,12,2,18.64,3.73
497,305,22,2,28.48,4.56
498,305,27,1,23.89,3.58
499,305,9,1,31.53,4.73
500,306,15,1,40.32,0.0
501,306,14,1,21.53,1.08
502,307,18,1,23.53,3.53
503,307,5,1,89.49,8.95
504,307,8,1,19.49,2.92
505,308,27,1,23.32,1.87
506,308,14,2,21.94,2.19
507,308,23,1,16.38,0.0
508,309,9,1,31.24,0.0
509,310,17,1,21.65,1.73
510,311,9,1,33.15,0.0
511,312,8,3,19.69,4.73
512,312,16,2,28.86,0.0
513,313,21,1,13.93,0.0
514,313,18,1,23.9,0.0
515,313,30,2,25.33,0.0
516,314,30,1,25.62,1.28
517,314,14,1,21.87,0.0
518,315,27,1,22.47,0.0
519,316,7,1,36.65,2.93
520,316,12,1,18.58,0.93
521,316,22,2,27.2,5.44
522,317,26,1,24.57,2.46
523,317,13,2,33.53,5.36
524,318,7,1,36.76,0.0
525,319,31,1,11.57,0.0
526,319,27,2,22.62,0.0
527,320,13,1,33.98,1.7
528,320,20,1,11.71,0.0
529,320,14,2,22.13,0.0
530,321,27,1,23.46,1.88
531,322,20,1,11.91,0.6
532,323,13,1,33.39,0.0
533,323,15,1,39.25,0.0
534,323,29,1,15.52,1.55
535,324,21,1,14.21,2.13
536,324,29,1,15.01,0.0
537,325,27,1,23.42,0.0
538,326,29,1,14.42,2.16
539,327,16,1,28.33,2.27
540,327,3,1,64.74,5.18
541,327,24,1,19.25,1.54
542,328,15,1,38.28,3.83
543,328,28,2,19.94,0.0
544,329,22,1,28.73,1.44
545,330,6,2,35.59,7.12
546,330,3,1,65.21,5.22
547,331,1,1,49.32,0.0
548,332,29,1,14.5,1.16
549,333,4,1,39.43,1.97
550,334,29,1,15.32,0.0
551,335,18,2,23.06,0.0
552,336,23,1,16.36,2.45
553,337,2,1,80.28,0.0
554,338,28,1,20.69,0.0
555,339,6,3,34.5,0.0
556,340,18,1,24.9,0.0
557,340,20,1,11.9,1.19
558,341,21,3,14.17,2.13
559,342,7,1,35.58,5.34
560,343,14,1,22.24,1.11
561,343,21,1,13.76,1.38
562,343,4,1,37.95,0.0
563,343,9,2,31.77,9.53
564,344,3,1,64.71,0.0
565,345,7,1,36.18,0.0
566,345,10,2,52.12,10.42
567,346,2,1,80.12,6.41
568,346,5,2,89.46,0.0
569,347,15,1,38.99,1.95
570,348,18,2,24.93,2.49
571,349,5,1,87.92,8.79
572,349,13,1,33.89,3.39
573,349,30,1,26.92,4.04
574,350,29,2,15.1,2.42
575,351,3,1,62.54,3.13
576,352,18,1,23.74,0.0
577,353,29,1,14.54,0.73
578,354,1,1,49.91,0.0
579,355,26,1,24.74,2.47
580,355,2,3,77.47,0.0
581,356,14,3,22.33,0.0
582,357,4,1,40.5,3.24
583,357,18,1,23.63,1.18
584,357,11,1,29.76,2.38
585,358,17,1,20.81,1.04
586,358,30,1,25.14,3.77
587,359,19,1,17.4,0.0
588,360,6,1,35.46,2.84
589,361,10,1,51.69,7.75
590,362,28,1,20.07,0.0
591,362,20,2,11.78,2.36
592,362,18,2,24.96,0.0
593,362,5,1,88.33,7.07
594,363,30,2,26.82,8.05
595,364,10,1,52.96,5.3
596,364,16,1,27.81,0.0
597,365,12,2,18.04,1.8
598,366,11,1,28.45,1.42
599,366,30,2,25.71,5.14
600,367,13,2,35.27,7.05
601,368,23,1,16.69,0.0
602,368,6,2,36.24,10.87
603,369,10,1,53.79,0.0
604,369,11,1,28.89,2.31
605,370,18,1,24.18,2.42
606,370,24,1,19.13,0.0
607,370,27,1,22.78,0.0
608,370,13,1,32.77,1.64
609,371,5,1,87.69,13.15
610,371,15,1,37.48,5.62
611,371,16,1,28.64,1.43
612,372,17,2,20.8,0.0
613,373,15,1,40.15,0.0
614,373,17,1,21.6,2.16
615,374,13,1,34.1,1.71
616,374,9,1,33.27,0.0
617,375,9,1,32.49,0.0
618,376,21,1,14.5,0.0
619,377,2,1,76.37,11.46
620,378,26,1,24.66,3.7
621,378,11,2,28.23,0.0
622,379,2,3,80.56,36.25
623,379,18,1,24.56,3.68
624,380,9,3,30.8,9.24
625,380,15,1,37.56,5.63
626,381,9,3,32.72,9.82
627,381,13,1,35.32,0.0
628,381,25,1,33.22,4.98
629,382,24,1,18.8,1.5
630,383,16,1,29.04,2.32
631,383,7,1,36.88,3.69
632,384,3,1,65.52,5.24
633,385,13,1,34.82,3.48
634,385,7,1,36.38,1.82
635,385,24,1,19.41,0.0
636,385,18,1,23.16,0.0
637,386,3,2,63.44,10.15
638,386,28,1,20.19,0.0
639,387,18,1,24.86,1.99
640,387,6,1,35.85,1.79
641,387,2,1,77.62,0.0
642,388,13,1,33.67,2.69
643,389,26,2,24.16,4.83
644,389,28,1,19.58,0.0
645,389,13,1,34.3,0.0
646,390,2,1,79.48,7.95
647,390,29,1,14.52,0.0
648,391,29,1,14.72,0.0
649,392,7,1,34.78,5.22
650,392,5,2,87.36,0.0
651,392,8,1,19.22,2.88
652,392,10,1,51.85,0.0
653,393,25,2,33.84,0.0
654,393,1,1,47.66,0.0
655,393,13,1,33.62,3.36
656,394,14,1,22.36,2.24
657,395,19,1,17.65,1.41
658,395,24,1,18.92,0.0
659,396,25,1,33.5,0.0
660,397,17,1,21.66,3.25
661,398,2,2,80.22,8.02
662,399,25,1,33.26,0.0
663,400,9,1,31.52,0.0
664,401,26,1,23.78,0.0
665,402,15,1,39.15,3.13
666,403,9,1,32.84,2.63
667,404,8,1,18.71,1.87
668,404,16,1,27.14,0.0
669,404,23,1,16.83,1.68
670,404,3,1,64.29,5.14
671,405,20,2,12.36,1.24
672,405,5,1,91.56,4.58
673,406,17,2,20.77,0.0
674,406,16,1,28.5,2.85
675,407,27,1,22.55,0.0
676,408,28,2,20.74,6.22
677,408,18,1,23.6,2.36
678,409,19,2,17.7,5.31
679,409,23,1,17.61,0.0
680,410,20,1,11.64,0.93
681,411,18,1,23.52,1.18
682,412,10,1,50.49,0.0
683,413,8,1,19.54,1.56
684,414,12,1,18.1,1.81
685,414,26,2,24.07,0.0
686,414,17,1,20.31,3.05
687,415,31,1,12.32,1.85
688,416,21,1,13.62,0.0
689,417,25,1,34.1,0.0
690,417,11,1,29.37,0.0
691,417,31,1,11.63,0.0
692,417,15,1,38.04,3.04
693,418,7,1,34.83,0.0
694,418,11,1,28.1,4.21
695,418,31,1,11.98,0.0
696,419,19,1,18.48,1.48
697,420,31,1,12.37,0.0
698,420,30,1,26.1,2.61
699,421,4,2,38.98,11.69
700,422,20,1,12.24,1.84
701,422,5,1,90.93,7.27
702,423,18,1,24.82,3.72
703,423,9,2,31.68,0.0
704,424,11,1,29.64,0.0
705,425,1,2,50.72,10.14
706,425,11,1,29.89,0.0
707,426,24,1,19.09,1.53
708,426,30,1,26.2,0.0
709,427,28,1,19.98,0.0
710,428,23,2,17.16,5.15
711,429,11,1,29.96,4.49
712,429,8,1,19.38,0.97
713,430,20,1,12.4,0.99
714,430,10,1,54.06,0.0
715,430,21,1,14.53,1.16
716,430,16,2,27.58,8.27
717,431,7,1,34.83,1.74
718,431,23,1,17.03,1.7
719,432,4,1,40.46,0.0
720,433,31,2,12.36,1.24
721,434,22,1,28.89,1.44
722,435,7,1,36.95,3.7
723,435,2,1,80.01,0.0
724,436,10,1,53.15,7.97
725,436,13,1,34.3,2.74
726,437,29,1,14.62,1.46
727,437,25,1,33.09,1.65
728,437,30,1,25.78,1.29
729,437,23,2,16.82,0.0
730,438,2,1,78.23,7.82
731,438,20,1,12.35,0.62
732,439,10,1,51.73,0.0
733,440,17,1,21.82,0.0
734,440,10,1,52.95,0.0
735,441,22,1,28.81,4.32
736,442,30,2,25.8,0.0
737,442,25,2,32.79,0.0
738,443,19,1,18.57,0.0
739,443,17,3,21.1,3.17
740,443,11,2,27.85,4.46
741,443,28,1,20.29,1.62
742,444,24,1,18.7,0.0
743,445,11,3,29.88,0.0
744,445,1,2,47.82,9.56
745,445,2,1,76.11,0.0
746,446,11,1,28.26,0.0
747,446,10,1,52.71,7.91
748,447,14,2,21.98,2.2
749,448,7,1,35.58,0.0
750,449,14,1,21.4,2.14
751,449,4,1,39.8,1.99
752,449,24,1,18.76,0.0
753,450,23,1,16.76,2.51
754,450,4,2,40.06,0.0
755,451,5,1,88.73,0.0
756,451,7,1,34.61,0.0
757,452,4,1,39.41,0.0
758,452,3,1,61.76,9.26
759,452,23,2,17.49,0.0
760,453,9,2,31.96,9.59
761,454,3,1,63.75,0.0
762,454,2,1,80.42,12.06
763,455,4,1,38.58,0.0
764,456,6,1,35.95,0.0
765,457,5,1,89.19,8.92
766,457,29,1,15.36,1.54
767,458,17,2,21.74,2.17
768,459,23,1,17.67,0.0
769,460,8,1,18.95,1.52
770,461,30,2,25.62,0.0
771,461,14,1,22.0,2.2
772,461,20,2,12.21,3.66
773,462,5,2,91.6,27.48
774,463,18,1,23.47,1.88
775,463,8,1,18.7,0.94
776,463,10,1,50.35,5.04
777,464,15,1,38.48,5.77
778,465,5,2,89.08,17.82
779,466,15,1,38.21,0.0
780,466,9,2,31.56,9.47
781,466,5,1,87.93,0.0
782,467,11,1,30.13,0.0
783,468,28,1,19.34,0.0
784,469,15,1,37.54,0.0
785,470,23,1,16.62,0.0
786,471,12,1,18.55,0.93
787,471,15,1,38.18,0.0
788,472,21,1,13.99,0.0
789,473,4,1,37.83,5.67
790,473,6,2,33.72,6.74
791,474,31,1,11.84,0.0
792,474,14,1,21.6,0.0
793,475,20,1,12.47,1.0
794,476,24,1,18.59,2.79
795,477,18,1,24.7,3.7
796,478,25,1,33.18,4.98
797,479,30,1,26.04,0.0
798,479,28,1,19.94,1.6
799,480,7,1,37.43,2.99
800,481,17,1,20.28,0.0
801,481,22,1,28.94,4.34
802,481,14,1,21.15,0.0
803,482,12,2,18.36,0.0
804,483,27,2,23.72,0.0
805,484,22,1,28.4,0.0
806,485,30,2,26.29,5.26
807,485,31,1,11.75,0.0
808,485,8,2,18.67,0.0
809,485,24,1,18.5,1.48
810,486,7,1,35.03,3.5
811,486,10,1,51.25,0.0
812,487,3,1,63.3,9.49
813,488,1,2,50.85,8.14
814,488,9,1,32.25,2.58
815,489,24,1,19.46,0.0
816,489,6,1,34.9,0.0
817,490,27,2,23.87,3.82
818,491,6,1,36.2,1.81
819,492,25,1,32.88,1.64
820,493,28,1,20.13,0.0
821,493,20,1,12.34,0.0
822,494,31,1,12.39,0.0
823,495,28,1,20.11,0.0
824,495,2,1,80.21,4.01
825,496,13,1,33.35,1.67
826,497,21,2,13.54,1.35
827,498,9,3,31.88,0.0
828,498,27,1,22.7,2.27
829,498,24,1,18.65,0.0
830,499,31,1,12.23,0.0
831,499,9,3,32.08,9.62
832,500,11,1,29.66,4.45
833,501,22,1,27.47,2.2
834,502,20,2,11.62,2.32
835,502,12,1,17.54,0.0
836,502,14,1,22.51,3.38
837,502,16,1,28.71,0.0
838,503,29,2,15.21,2.43
839,504,3,1,65.62,9.84
840,504,21,1,13.52,0.0
841,504,7,1,35.19,5.28
842,505,19,1,18.15,1.45
843,506,26,1,23.78,1.9
844,506,3,1,64.04,5.12
845,507,22,1,27.96,0.0
846,508,17,2,20.44,2.04
847,509,13,1,33.39,3.34
848,510,31,1,11.76,0.0
849,510,14,2,21.62,4.32
850,511,13,1,33.24,0.0
851,512,23,1,17.28,0.86
852,512,1,1,48.11,7.22
853,513,16,2,28.73,5.75
854,514,9,1,30.73,0.0
855,514,6,1,34.43,5.16
856,515,6,2,35.04,7.01
857,516,29,1,15.58,0.0
858,516,6,1,34.28,1.71
859,516,7,1,35.29,0.0
860,517,4,1,38.34,0.0
861,517,18,1,23.07,3.46
862,518,31,1,11.86,0.59
863,519,11,2,28.26,2.83
864,519,2,3,79.88,11.98
865,520,22,1,28.31,0.0
866,520,13,1,35.04,0.0
867,521,16,1,27.82,0.0
868,521,4,3,39.96,0.0
869,522,6,1,35.33,1.77
870,523,10,2,53.77,16.13
871,524,24,1,18.64,2.8
872,525,28,1,19.31,1.54
873,525,12,1,18.52,0.0
874,526,18,2,23.23,6.97
875,527,21,1,13.47,0.0
876,528,4,1,39.71,3.97
877,529,25,1,33.75,3.38
878,529,1,1,47.63,0.0
879,529,11,1,29.06,4.36
880,530,26,1,24.68,3.7
881,531,25,1,32.38,0.0
882,531,13,2,34.74,5.56
883,532,4,2,38.59,0.0
884,532,7,1,35.72,1.79
885,533,17,1,21.27,0.0
886,533,2,1,80.94,4.05
887,533,15,1,39.4,3.94
888,533,25,1,32.58,0.0
889,534,19,3,17.79,4.27
890,535,2,1,76.92,6.15
891,536,16,1,28.54,2.28
892,537,28,1,19.35,0.0
893,537,18,2,24.85,0.0
894,537,19,1,18.26,0.0
895,538,16,1,28.62,0.0
896,539,15,1,39.58,5.94
897,540,23,2,17.31,2.77
898,541,9,2,31.23,5.0
899,542,18,2,24.31,0.0
900,543,3,1,66.47,5.32
901,543,27,2,22.99,0.0
902,543,18,1,23.21,0.0
903,544,24,1,18.99,0.95
904,544,15,1,37.59,3.76
905,544,16,1,28.95,0.0
906,545,8,1,19.73,0.0
907,545,13,1,34.7,1.74
908,545,12,2,18.41,5.52
909,545,15,2,39.41,0.0
910,546,16,2,27.54,0.0
911,547,23,1,17.06,0.85
912,548,1,1,48.82,0.0
913,549,30,1,26.27,3.94
914,549,14,1,22.1,0.0
915,550,29,2,15.38,4.61
916,551,22,1,27.48,1.37
917,551,30,1,26.52,1.33
918,551,29,2,15.48,3.1
919,552,8,1,19.34,0.97
920,552,31,1,11.95,1.2
921,553,4,1,38.96,5.84
922,553,23,1,17.15,2.57
923,554,12,2,18.34,0.0
924,555,20,1,11.84,0.0
925,556,15,1,38.26,3.83
926,556,1,1,49.38,3.95
927,556,6,1,33.6,0.0
928,556,2,1,80.87,0.0
929,557,15,2,37.83,0.0
930,557,7,1,35.6,1.78
931,557,2,1,76.03,0.0
932,557,29,1,14.7,0.0
933,558,25,1,33.91,1.7
934,559,7,1,35.8,0.0
935,560,9,2,32.65,5.22
936,560,4,1,37.92,0.0
937,561,18,2,23.44,2.34
938,562,23,1,17.05,0.0
939,563,6,1,35.63,0.0
940,563,23,3,17.42,4.18
941,563,8,1,19.0,1.9
942,564,15,1,38.03,0.0
943,564,1,1,50.27,2.51
944,564,18,1,24.92,2.49
945,565,4,1,38.75,3.88
946,566,10,1,53.17,0.0
947,566,26,1,24.27,0.0
948,567,26,1,24.38,0.0
949,567,24,1,18.74,1.5
950,567,20,1,11.73,0.59
951,568,15,1,37.83,0.0
952,569,17,1,21.61,0.0
953,570,23,1,17.16,2.57
954,571,24,2,19.67,3.15
955,572,1,2,47.3,0.0
956,573,24,1,18.7,0.0
957,573,2,1,78.72,0.0
958,574,15,1,39.97,0.0
959,575,3,1,62.76,9.41
960,576,31,3,12.42,3.73
961,577,31,1,11.9,1.78
962,577,9,2,31.37,0.0
963,578,7,1,36.34,2.91
964,578,9,1,30.87,0.0
965,579,5,2,87.08,0.0
966,580,16,1,28.29,0.0
967,580,20,1,11.99,1.2
968,580,2,1,80.37,0.0
969,580,21,2,14.52,2.32
970,581,24,2,18.99,0.0
971,582,18,1,24.62,0.0
972,583,12,1,18.66,0.93
973,584,27,1,23.62,0.0
974,585,21,1,13.86,0.69
975,586,20,1,12.42,0.62
976,587,22,1,28.29,0.0
977,587,18,1,24.07,1.93
978,588,4,2,40.0,6.4
979,588,9,1,33.27,4.99
980,589,1,1,47.64,0.0
981,590,11,1,27.86,0.0
982,590,17,1,20.61,0.0
983,591,23,1,17.36,0.0
984,592,3,1,65.15,0.0
985,593,23,1,17.42,2.61
986,593,21,1,13.52,0.0
987,593,24,1,18.71,0.0
988,594,1,1,48.75,3.9
989,595,31,1,12.12,1.21
990,595,27,1,23.07,1.85
991,595,12,1,17.51,0.0
992,596,13,1,34.12,2.73
993,596,15,1,37.77,5.67
994,597,28,2,20.6,0.0
995,597,11,1,29.66,0.0
996,598,27,1,22.97,1.15
997,598,19,1,17.45,2.62
998,599,30,1,26.33,0.0
999,599,16,1,27.86,2.79
1000,600,27,1,23.69,3.55
1001,601,2,3,81.77,0.0
1002,602,11,1,30.0,2.4
1003,603,17,1,21.3,0.0
1004,603,24,2,19.21,5.76
1005,603,28,1,19.3,0.97
1006,604,22,1,29.0,2.32
1007,605,25,1,31.86,3.19
1008,606,10,1,53.5,0.0
1009,607,30,1,25.7,0.0
1010,607,22,1,28.08,2.25
1011,608,18,1,23.46,2.35
1012,609,7,1,35.44,3.54
1013,610,18,1,23.72,0.0
1014,610,7,1,35.68,1.78
1015,611,29,1,15.46,1.24
1016,612,1,1,47.25,0.0
1017,612,8,1,19.65,0.0
1018,612,5,1,89.52,4.48
1019,613,28,1,20.68,0.0
1020,614,13,1,32.71,4.91
1021,615,9,1,31.34,0.0
1022,615,16,1,26.95,1.35
1023,616,6,1,35.72,3.57
1024,616,27,2,23.19,0.0
1025,616,11,1,29.57,2.96
1026,617,14,1,22.05,0.0
1027,617,28,1,20.68,1.65
1028,618,12,1,18.7,2.8
1029,619,20,2,11.91,0.0
1030,620,12,1,17.94,0.0
1031,621,3,3,66.4,0.0
1032,621,29,2,14.86,2.38
1033,622,9,1,31.6,2.53
1034,622,21,1,14.09,0.0
1035,623,27,1,23.83,0.0
1036,623,22,1,27.17,0.0
1037,624,6,1,34.43,0.0
1038,625,7,1,36.02,0.0
1039,625,13,1,35.31,3.53
1040,626,8,1,19.66,0.98
1041,627,7,1,35.61,0.0
1042,628,18,1,23.78,0.0
1043,629,8,1,19.33,2.9
1044,629,15,1,39.63,3.17
1045,630,3,2,62.72,18.82
1046,630,19,1,17.52,1.75
1047,631,15,1,40.11,3.21
1048,631,25,1,34.0,0.0
1049,632,4,1,38.61,1.93
1050,632,8,1,19.15,1.53
1051,633,13,1,33.89,0.0
1052,634,2,1,78.0,3.9
1053,634,27,1,22.95,0.0
1054,635,27,1,22.77,3.42
1055,636,11,2,28.55,5.71
1056,636,23,1,17.31,1.38
1057,637,10,1,51.87,0.0
1058,638,4,1,40.06,0.0
1059,639,6,1,34.9,0.0
1060,639,16,1,27.94,2.79
1061,639,4,1,39.26,3.93
1062,640,10,1,52.95,4.24
1063,640,13,2,33.64,0.0
1064,641,22,1,27.15,1.36
1065,642,14,1,21.85,1.75
1066,643,12,1,17.99,1.44
1067,643,11,1,28.92,0.0
1068,644,27,1,23.84,1.91
1069,645,8,1,19.56,2.93
1070,646,7,1,36.68,2.93
1071,646,12,1,18.48,0.0
1072,647,7,1,37.02,5.55
1073,648,19,1,18.29,0.91
1074,649,23,1,17.67,0.0
1075,649,4,1,39.84,0.0
1076,650,21,1,13.92,0.0
1077,651,29,1,15.4,2.31
1078,651,26,1,23.41,2.34
1079,652,17,1,20.85,0.0
1080,653,26,1,23.74,1.19
1081,653,2,1,78.98,7.9
1082,654,18,1,24.17,0.0
1083,655,3,1,65.92,3.3
1084,656,5,2,92.03,14.72
1085,657,1,1,48.88,7.33
1086,658,9,2,30.76,0.0
1087,658,17,1,20.42,1.02
1088,658,3,2,63.74,0.0
1089,658,31,1,12.1,0.0
1090,659,17,1,21.38,0.0
1091,660,17,2,21.15,0.0
1092,661,30,1,26.38,2.64
1093,661,21,1,14.49,0.0
1094,661,8,2,18.35,0.0
1095,662,19,3,17.4,7.83
1096,663,10,2,50.12,0.0
1097,663,1,1,48.37,3.87
1098,663,30,3,25.02,11.26
1099,663,15,1,39.07,5.86
1100,664,18,3,23.75,0.0
1101,665,4,2,39.15,3.92
1102,665,8,1,19.34,0.0
1103,666,26,1,23.08,0.0
1104,667,26,2,23.93,0.0
1105,667,8,1,19.66,1.57
1106,667,6,3,36.17,0.0
1107,668,5,2,90.38,18.08
1108,669,9,2,32.99,0.0
1109,670,28,1,20.61,1.65
1110,671,1,1,49.56,0.0
1111,672,12,1,17.8,0.0
1112,672,4,1,37.85,3.03
1113,673,21,1,13.95,0.7
1114,673,2,1,76.68,3.83
1115,674,11,1,28.01,2.24
1116,674,12,1,18.41,1.84
1117,675,15,1,39.74,5.96
1118,676,7,2,35.18,3.52
1119,677,15,1,38.74,1.94
1120,677,8,1,19.33,0.0
1121,678,24,1,18.35,0.0
1122,678,10,1,52.82,2.64
1123,679,6,2,34.15,3.42
1124,679,19,1,17.45,0.0
1125,680,1,3,48.44,0.0
1126,680,4,1,38.57,1.93
1127,681,6,1,35.8,0.0
1128,681,24,1,19.62,0.0
1129,682,9,1,32.07,0.0
1130,683,2,1,80.26,0.0
1131,683,28,1,20.27,0.0
1132,684,28,1,20.19,1.01
1133,684,18,1,23.71,0.0
1134,685,2,1,81.46,0.0
1135,685,25,1,31.85,4.78
1136,686,12,1,17.57,2.64
1137,686,15,1,39.12,1.96
1138,687,28,1,19.63,1.96
1139,688,29,1,14.74,0.0
1140,689,20,1,11.59,0.93
1141,690,22,2,28.07,0.0
1142,690,27,2,23.2,2.32
1143,690,30,2,25.96,7.79
1144,691,6,1,35.76,0.0
1145,691,3,1,62.61,0.0
1146,692,18,1,24.56,0.0
1147,693,13,1,33.35,5.0
1148,693,18,1,24.01,1.2
1149,693,24,1,19.03,0.0
1150,693,19,1,18.52,0.0
1151,694,30,1,25.14,0.0
1152,695,30,1,25.97,2.08
1153,695,14,1,22.78,3.42
1154,696,31,1,12.05,0.0
1155,696,6,1,36.28,5.44
1156,697,9,1,32.68,0.0
1157,698,31,1,12.39,0.0
1158,699,16,1,27.22,2.72
1159,700,29,2,14.88,2.98
1160,700,31,1,11.94,0.0
1161,701,14,1,21.51,3.23
1162,702,14,1,22.09,3.31
1163,703,25,1,31.93,3.19
1164,703,30,1,25.8,0.0
1165,704,25,1,34.21,1.71
1166,705,19,1,18.02,1.8
1167,705,28,1,20.78,0.0
1168,706,5,1,89.46,7.16
1169,707,11,1,29.31,0.0
1170,708,1,1,49.9,3.99
1171,709,29,1,14.61,0.0
1172,710,13,1,34.79,0.0
1173,711,6,1,33.68,5.05
1174,712,19,1,17.59,1.76
1175,713,1,1,49.85,3.99
1176,714,5,1,87.37,4.37
1177,714,16,2,27.59,0.0
1178,715,18,1,23.33,0.0
1179,716,28,1,19.64,0.98
1180,716,29,1,14.75,2.21
1181,716,14,1,22.06,1.76
1182,717,12,1,18.64,1.86
1183,718,8,1,19.16,0.96
1184,718,22,1,27.91,0.0
1185,719,15,1,38.39,5.76
1186,720,2,1,79.93,0.0
1187,721,23,1,16.74,0.0
1188,722,23,1,16.76,1.34
1189,723,21,1,14.03,0.7
1190,723,20,1,12.46,0.0
1191,724,25,1,34.05,3.4
1192,725,18,1,23.39,0.0
1193,725,15,1,40.22,0.0
1194,726,5,1,87.24,4.36
1195,727,15,1,39.53,0.0
1196,727,17,1,20.3,1.62
1197,727,2,1,79.68,7.97
1198,728,11,2,29.0,0.0
1199,729,1,1,50.08,0.0
1200,729,30,1,25.38,1.27
1201,730,28,1,20.18,2.02
1202,730,2,1,81.18,12.18
1203,730,24,1,18.36,0.0
1204,731,10,3,52.65,12.64
1205,732,25,1,33.86,0.0
1206,732,18,1,24.42,3.66
1207,733,12,1,17.36,1.74
1208,734,15,1,39.08,1.95
1209,735,2,1,79.22,0.0
1210,735,11,2,28.81,5.76
1211,736,5,1,91.01,13.65
1212,736,7,1,35.36,0.0
1213,737,13,1,33.26,0.0
1214,737,16,2,28.67,0.0
1215,737,25,1,31.97,3.2
1216,737,11,1,28.51,0.0
1217,738,13,1,33.84,5.08
1218,739,5,1,88.57,0.0
1219,739,13,1,35.28,1.76
1220,739,19,1,18.44,0.0
1221,740,2,1,76.46,11.47
1222,741,26,1,24.5,0.0
1223,742,20,1,12.24,0.0
1224,743,6,1,36.35,0.0
1225,743,18,1,24.4,1.22
1226,743,20,2,11.99,0.0
1227,744,19,2,18.12,5.44
1228,745,14,1,21.74,0.0
1229,745,8,2,19.51,3.9
1230,746,24,2,19.28,1.93
1231,746,17,1,20.92,0.0
1232,746,9,1,32.36,0.0
1233,746,1,1,49.22,0.0
1234,747,13,1,32.77,4.92
1235,748,19,1,18.22,0.0
1236,749,7,1,36.82,0.0
1237,750,1,1,48.46,0.0
1238,751,11,1,29.01,0.0
1239,751,8,1,18.5,0.0
1240,752,20,1,12.15,0.61
1241,753,15,1,39.57,3.96
1242,753,18,1,23.38,0.0
1243,753,13,1,34.3,1.71
1244,754,20,1,12.32,0.0
1245,755,15,1,38.52,0.0
1246,756,3,1,66.36,0.0
1247,756,22,1,27.5,0.0
1248,757,29,1,15.02,1.5
1249,757,19,1,18.21,0.0
1250,757,6,1,35.54,0.0
1251,757,30,1,26.06,0.0
1252,758,21,1,13.69,0.0
1253,759,13,1,34.49,3.45
1254,759,3,1,65.68,9.85
1255,760,19,1,17.43,0.87
1256,760,25,1,33.47,0.0
1257,761,31,1,12.14,0.61
1258,762,8,2,18.88,1.89
1259,762,27,1,23.01,1.84
1260,763,17,2,21.42,0.0
1261,763,8,1,19.53,0.98
1262,763,22,2,28.72,0.0
1263,764,2,2,79.81,0.0
1264,764,6,3,36.19,0.0
1265,764,10,1,51.22,0.0
1266,765,26,1,24.37,0.0
1267,766,18,2,24.89,0.0
1268,767,4,2,39.81,7.96
1269,767,16,2,28.64,2.86
1270,768,12,1,18.45,0.0
1271,768,7,1,36.38,5.46
1272,768,11,1,29.19,4.38
1273,768,29,2,14.99,0.0
1274,769,24,2,18.35,0.0
1275,769,10,1,50.43,0.0
1276,770,22,1,27.05,0.0
1277,770,13,1,34.27,0.0
1278,771,10,1,53.46,8.02
1279,772,7,1,36.37,0.0
1280,773,20,2,12.39,3.72
1281,774,7,1,35.61,0.0
1282,774,10,1,51.83,0.0
1283,775,28,1,20.35,0.0
1284,775,19,3,17.65,0.0
1285,776,25,1,32.37,2.59
1286,777,6,1,35.69,0.0
1287,778,25,1,31.72,2.54
1288,779,12,1,18.2,0.0
1289,780,21,1,13.75,0.69
1290,781,15,1,39.25,0.0
1291,782,30,1,25.57,0.0
1292,783,5,2,89.61,8.96
1293,784,28,1,19.87,1.59
1294,785,4,2,39.1,6.26
1295,785,3,1,64.97,9.75
1296,785,11,1,27.86,1.39
1297,786,16,1,27.72,4.16
1298,787,2,1,77.99,3.9
1299,787,20,1,12.38,0.0
1300,788,12,3,17.4,7.83
1301,789,5,2,86.87,0.0
1302,790,9,1,30.73,3.07
1303,790,24,1,19.55,0.0
1304,790,26,2,24.71,3.95
1305,791,9,1,33.14,0.0
1306,792,22,1,27.43,0.0
1307,792,28,1,19.64,2.95
1308,793,26,1,24.17,0.0
1309,794,16,1,28.06,0.0
1310,795,24,1,19.32,1.93
1311,796,5,1,87.75,0.0
1312,796,29,2,14.79,0.0
1313,797,7,1,36.02,0.0
1314,798,28,2,20.41,3.27
1315,798,5,1,91.26,0.0
1316,798,8,2,18.71,0.0
1317,799,30,1,25.53,1.28
1318,799,21,1,13.62,0.0
1319,800,31,2,11.93,1.19
1320,801,2,1,81.31,0.0
1321,802,31,1,11.77,0.0
1322,802,15,1,38.47,1.92
1323,803,5,2,86.61,13.86
1324,804,20,1,11.96,1.2
1325,804,16,1,28.77,0.0
1326,804,31,1,12.1,0.0
1327,805,5,2,89.25,8.93
1328,805,29,1,14.83,0.0
1329,805,11,1,29.72,4.46
1330,805,10,1,50.0,5.0
1331,806,16,1,26.89,0.0
1332,806,4,1,40.4,0.0
1333,807,19,1,17.86,0.0
1334,808,29,1,15.22,1.22
1335,808,10,1,53.83,0.0
1336,809,31,2,12.02,0.0
1337,810,21,1,14.45,0.0
1338,811,2,2,80.45,8.04
1339,811,4,1,39.96,0.0
1340,812,30,1,25.02,1.25
1341,813,20,1,12.48,1.25
1342,814,13,2,34.34,5.49
1343,814,15,2,39.01,7.8
1344,814,5,1,92.41,0.0
1345,815,3,1,64.02,0.0
1346,816,9,1,32.59,3.26
1347,817,30,1,25.35,2.54
1348,818,23,1,16.77,1.68
1349,818,25,1,34.05,0.0
1350,819,31,1,11.62,1.74
1351,820,10,3,52.18,23.48
1352,821,20,1,11.69,0.58
1353,822,26,2,23.73,4.75
1354,823,1,1,49.55,0.0
1355,824,31,1,12.43,0.0
1356,824,15,3,37.66,16.95
1357,825,4,1,37.57,5.64
1358,826,31,1,12.25,0.0
1359,827,3,1,65.28,0.0
1360,827,23,1,17.02,0.0
1361,828,31,1,11.55,1.16
1362,829,12,1,18.31,2.75
1363,830,27,1,23.06,0.0
1364,831,10,1,50.23,7.53
1365,832,28,2,19.58,0.0
1366,832,7,2,35.17,10.55
1367,832,2,1,79.34,6.35
1368,833,11,3,29.76,13.39
1369,834,7,1,36.11,0.0
1370,834,21,3,13.58,4.07
1371,835,6,2,34.01,0.0
1372,836,7,1,35.13,5.27
1373,836,23,2,17.25,1.73
1374,837,18,1,23.6,0.0
1375,838,27,1,23.4,1.17
1376,839,31,1,11.79,1.18
1377,840,22,1,28.71,2.3
1378,840,11,1,28.17,2.25
1379,841,5,2,89.53,14.32
1380,841,10,1,50.25,0.0
1381,842,14,1,21.21,2.12
1382,842,7,2,34.59,5.53
1383,843,7,1,35.64,5.35
1384,844,22,1,27.78,0.0
1385,845,22,2,26.88,0.0
1386,846,29,2,15.48,0.0
1387,847,31,2,12.13,2.43
1388,848,2,1,76.97,11.55
1389,849,4,2,40.05,0.0
1390,849,30,1,26.15,0.0
1391,849,20,2,11.76,3.53
1392,849,18,1,24.44,2.44
1393,850,24,2,19.08,1.91
1394,850,18,2,24.02,0.0
1395,851,30,1,26.37,0.0
1396,852,31,1,11.81,0.94
1397,852,4,1,39.97,3.2
1398,852,20,1,12.18,0.0
1399,853,19,1,18.31,1.83
1400,854,30,3,26.5,6.36
1401,855,7,2,35.73,10.72
1402,855,10,1,51.49,0.0
1403,856,9,1,30.91,4.64
1404,856,25,1,34.04,0.0
1405,857,25,1,33.14,3.31
1406,857,11,1,28.82,4.32
1407,858,27,1,23.67,0.0
1408,858,13,1,34.82,3.48
1409,858,24,1,18.61,0.0
1410,858,11,1,29.4,4.41
1411,859,7,2,36.27,0.0
1412,859,26,1,24.45,1.22
1413,859,29,2,14.82,4.45
1414,860,12,2,18.05,5.42
1415,861,16,1,27.23,2.18
1416,861,18,1,24.13,3.62
1417,861,21,2,14.43,0.0
1418,862,19,1,17.49,0.0
1419,862,4,1,40.12,0.0
1420,862,11,2,30.13,0.0
1421,862,28,1,19.38,1.94
1422,863,1,2,50.42,10.08
1423,863,23,1,17.31,0.0
1424,863,10,1,51.1,0.0
1425,864,6,1,34.5,3.45
1426,865,21,1,13.86,2.08
1427,865,4,1,39.1,3.91
1428,866,24,2,19.44,3.11
1429,867,12,1,17.87,1.43
1430,868,15,1,40.49,0.0
1431,868,13,1,33.68,0.0
1432,869,22,1,27.17,4.08
1433,869,15,2,40.48,0.0
1434,870,2,1,76.93,11.54
1435,870,25,1,32.71,0.0
1436,870,22,1,28.67,2.29
1437,871,19,1,18.08,0.0
1438,872,12,1,18.66,1.87
1439,872,29,1,14.78,0.0
1440,873,8,2,18.43,0.0
1441,873,26,1,24.17,0.0
1442,873,31,1,12.13,0.0
1443,874,29,1,14.76,0.0
1444,875,10,1,51.75,5.18
1445,875,19,1,17.63,0.0
1446,875,3,2,64.88,10.38
1447,876,16,3,29.08,0.0
1448,876,27,2,22.27,4.45
1449,877,14,1,21.94,2.19
1450,878,30,1,25.69,2.57
1451,878,11,1,29.31,1.47
1452,879,19,1,18.37,1.47
1453,880,12,2,17.58,3.52
1454,881,28,1,19.81,1.98
1455,882,29,3,14.6,0.0
1456,882,2,2,81.97,0.0
1457,882,8,1,19.11,0.96
1458,883,6,1,35.86,0.0
1459,883,4,1,39.99,0.0
1460,884,24,1,18.63,1.49
1461,885,28,1,19.99,1.6
1462,885,22,1,27.43,0.0
1463,886,16,1,27.52,2.75
1464,886,17,1,21.53,3.23
1465,886,11,1,28.3,0.0
1466,887,14,1,21.81,0.0
1467,888,3,1,63.64,0.0
1468,888,4,1,37.95,5.69
1469,888,5,1,88.8,0.0
1470,888,29,1,15.22,2.28
1471,889,20,2,11.58,0.0
1472,890,29,2,14.54,1.45
1473,890,22,2,28.06,4.49
1474,891,17,1,20.33,3.05
1475,892,15,1,39.22,0.0
1476,892,25,1,33.27,0.0
1477,892,18,1,24.25,1.94
1478,893,13,1,34.39,0.0
1479,894,15,1,37.55,0.0
1480,894,1,1,49.98,2.5
1481,894,8,1,18.58,1.86
1482,895,19,1,17.49,0.0
1483,895,20,1,11.61,0.0
1484,896,29,1,14.9,1.19
1485,896,24,1,19.73,0.0
1486,896,4,1,40.28,2.01
1487,897,2,1,80.29,4.01
1488,898,8,1,19.06,0.0
1489,898,11,2,30.16,4.83
1490,899,12,1,18.58,1.86
1491,900,25,1,33.92,0.0
1492,900,12,1,18.09,2.71
1493,901,28,1,19.62,2.94
1494,902,21,1,13.77,1.38
1495,903,18,1,23.64,0.0
1496,904,24,1,19.2,0.0
1497,904,27,1,23.11,1.85
1498,905,10,1,53.62,5.36
1499,905,8,1,18.33,0.0
1500,905,15,1,38.3,5.74
1501,906,23,2,17.66,1.77
1502,907,4,2,38.91,11.67
1503,908,2,1,81.03,12.15
1504,908,25,1,34.16,2.73
1505,909,4,1,38.89,5.83
1506,909,28,1,19.38,0.0
1507,910,16,1,29.05,0.0
1508,911,31,1,12.35,0.99
1509,911,8,1,19.29,0.0
1510,912,5,1,89.51,0.0
1511,913,6,1,33.98,5.1
1512,914,7,2,35.34,0.0
1513,914,5,1,86.57,6.93
1514,915,5,1,89.06,0.0
1515,915,9,1,32.88,0.0
1516,915,20,2,11.74,1.17
1517,916,13,3,32.85,0.0
1518,916,5,2,90.91,0.0
1519,917,22,1,28.29,2.83
1520,917,10,2,50.95,0.0
1521,918,8,1,18.31,1.83
1522,919,27,1,23.77,0.0
1523,919,24,1,19.25,1.54
1524,920,15,1,40.1,3.21
1525,921,16,1,28.13,2.25
1526,921,10,2,53.44,0.0
1527,921,26,1,23.92,0.0
1528,921,17,1,20.37,0.0
1529,922,16,1,27.26,4.09
1530,922,26,1,24.44,1.96
1531,923,17,1,21.02,0.0
1532,923,6,1,34.69,2.78
1533,924,6,2,34.86,0.0
1534,925,12,1,17.72,2.66
1535,926,31,1,11.54,1.15
1536,926,16,2,29.07,0.0
1537,926,28,2,19.63,5.89
1538,927,6,1,35.4,0.0
1539,927,29,1,15.4,0.0
1540,928,10,1,50.18,0.0
1541,928,20,1,11.53,0.58
1542,929,20,1,12.42,0.0
1543,930,30,1,26.49,2.12
1544,931,8,1,19.23,0.0
1545,932,7,1,35.64,3.56
1546,932,23,1,17.27,0.86
1547,932,20,2,12.0,1.92
1548,932,17,2,20.91,0.0
1549,933,7,3,35.26,0.0
1550,933,23,1,16.34,1.31
1551,934,2,1,78.13,6.25
1552,935,18,1,23.14,0.0
1553,935,6,1,35.7,0.0
1554,936,29,1,15.37,0.0
1555,937,11,2,27.88,8.36
1556,938,10,1,54.0,4.32
1557,938,15,1,38.86,3.89
1558,938,27,1,23.36,2.34
1559,939,13,3,34.42,0.0
1560,940,23,2,17.62,0.0
1561,941,28,1,20.04,0.0
1562,941,1,2,47.5,0.0
1563,941,8,1,19.71,0.0
1564,942,2,2,81.14,8.11
1565,943,1,1,49.13,0.0
1566,943,2,1,81.17,0.0
1567,944,25,1,32.78,0.0
1568,944,3,1,62.05,0.0
1569,944,8,2,18.93,1.89
1570,945,6,1,34.51,3.45
1571,946,31,1,12.12,0.0
1572,947,4,1,39.36,3.94
1573,948,19,2,17.4,5.22
1574,948,10,2,51.7,0.0
1575,949,12,1,18.71,0.0
1576,949,28,1,19.4,0.97
