order_id,customer_id,order_datetime,channel_id,ship_country,ship_region,status
1,1,2026-03-28 14:47:00,6,IN,South,REFUNDED
2,2,2026-02-27 22:36:00,1,IN,West,PENDING
3,2,2026-03-21 18:27:00,1,IN,West,PAID
4,3,2026-04-10 08:26:00,2,IN,East,PAID
5,3,2026-04-20 17:45:00,2,IN,East,PAID
6,5,2026-02-10 19:56:00,1,IN,North,PAID
7,5,2026-02-20 14:38:00,3,IN,North,PAID
8,5,2026-02-28 20:25:00,1,IN,North,PAID
9,5,2026-03-16 20:51:00,2,IN,North,PAID
10,5,2026-04-20 13:11:00,1,IN,North,PAID
11,7,2026-02-22 16:06:00,6,IN,West,PAID
12,7,2026-03-06 19:49:00,6,IN,West,PAID
13,7,2026-03-30 20:18:00,6,IN,West,PAID
14,7,2026-05-02 20:17:00,1,IN,West,PAID
15,8,2026-02-26 11:47:00,2,IN,West,PAID
16,8,2026-03-16 15:51:00,2,IN,West,REFUNDED
17,10,2026-06-19 13:24:00,4,IN,East,PAID
18,11,2026-01-16 19:49:00,2,IN,South,PAID
19,13,2026-02-12 22:33:00,4,US,East,PAID
20,13,2026-03-13 11:21:00,4,US,East,PAID
21,14,2026-05-14 13:15:00,1,IN,East,PAID
22,15,2026-05-22 14:15:00,4,IN,West,PAID
23,16,2026-02-23 15:54:00,2,IN,East,REFUNDED
24,16,2026-03-14 09:22:00,2,IN,East,PAID
25,16,2026-04-10 16:23:00,1,IN,East,PAID
26,16,2026-05-22 16:17:00,3,IN,East,PAID
27,17,2026-06-01 19:24:00,6,IN,South,PAID
28,18,2026-02-23 16:18:00,4,IN,West,PAID
29,18,2026-03-11 15:12:00,4,IN,West,PAID
30,19,2026-05-02 10:05:00,2,IN,East,PAID
31,19,2026-05-29 22:59:00,2,IN,East,PAID
32,20,2026-04-10 16:51:00,6,IN,East,PAID
33,20,2026-05-03 19:34:00,5,IN,East,PAID
34,20,2026-05-30 18:56:00,6,IN,East,PAID
35,20,2026-06-23 08:10:00,6,IN,East,PAID
36,21,2026-04-09 17:55:00,4,IN,South,PAID
37,21,2026-04-29 20:11:00,1,IN,South,PAID
38,22,2026-06-06 19:37:00,6,GB,England,PAID
39,23,2026-06-19 13:56:00,1,IN,East,PAID
40,25,2026-01-27 08:19:00,4,IN,East,PAID
41,25,2026-02-23 13:16:00,4,IN,East,PAID
42,25,2026-03-20 20:20:00,4,IN,East,PAID
43,25,2026-04-06 11:39:00,4,IN,East,PENDING
44,25,2026-04-13 21:58:00,4,IN,East,CANCELLED
45,26,2026-05-31 22:41:00,4,IN,North,PAID
46,28,2026-06-07 11:48:00,2,IN,West,PAID
47,28,2026-06-20 18:46:00,6,IN,West,PAID
48,29,2026-06-27 09:21:00,1,IN,North,CANCELLED
49,31,2026-04-06 18:35:00,2,IN,West,PAID
50,32,2026-06-17 22:24:00,2,IN,East,PAID
51,34,2026-04-21 20:38:00,6,IN,South,PAID
52,35,2026-05-02 18:57:00,2,IN,West,PAID
53,37,2026-04-15 10:47:00,1,IN,South,PAID
54,37,2026-05-04 17:53:00,1,IN,South,PAID
55,37,2026-05-29 11:56:00,1,IN,South,PAID
56,38,2026-01-27 10:44:00,2,IN,North,CANCELLED
57,39,2026-05-14 22:24:00,5,IN,South,PAID
58,39,2026-06-16 11:07:00,5,IN,South,PAID
59,40,2026-02-22 11:08:00,1,IN,West,PAID
60,40,2026-03-23 18:21:00,1,IN,West,PAID
61,41,2026-03-24 09:41:00,1,IN,South,PAID
62,41,2026-05-01 13:48:00,1,IN,South,PAID
63,41,2026-06-11 08:06:00,1,IN,South,PAID
64,41,2026-06-21 22:01:00,1,IN,South,CANCELLED
65,42,2026-04-15 11:22:00,2,AE,Dubai,PAID
66,43,2026-02-20 17:44:00,3,IN,East,PAID
67,44,2026-06-15 20:24:00,1,IN,North,PAID
68,46,2026-02-04 15:51:00,2,US,West,PAID
69,47,2026-04-02 14:03:00,6,IN,West,PAID
70,47,2026-04-13 13:45:00,4,IN,West,PAID
71,47,2026-04-28 20:46:00,6,IN,West,PAID
72,49,2026-01-21 10:02:00,3,IN,East,PAID
73,49,2026-01-30 12:38:00,1,IN,East,PAID
74,50,2026-05-30 16:41:00,5,IN,East,PAID
75,52,2026-02-13 14:52:00,2,IN,West,PAID
76,52,2026-03-01 10:34:00,6,IN,West,REFUNDED
77,52,2026-03-25 16:02:00,2,IN,West,PAID
78,55,2026-03-27 17:52:00,3,IN,North,PAID
79,55,2026-04-14 14:50:00,3,IN,North,PAID
80,55,2026-05-25 16:58:00,2,IN,North,PAID
81,55,2026-06-08 21:58:00,3,IN,North,PAID
82,55,2026-06-19 14:29:00,4,IN,North,PAID
83,56,2026-02-24 21:19:00,4,IN,South,PAID
84,57,2026-03-18 19:39:00,6,US,East,PAID
85,57,2026-04-11 10:26:00,6,US,East,REFUNDED
86,59,2026-02-23 11:16:00,1,IN,West,CANCELLED
87,59,2026-03-02 21:49:00,1,IN,West,PENDING
88,59,2026-04-02 20:38:00,1,IN,West,PAID
89,60,2026-04-07 20:22:00,3,IN,West,PENDING
90,61,2026-01-11 12:11:00,2,IN,West,PAID
91,62,2026-04-05 10:32:00,4,IN,North,PENDING
92,62,2026-05-09 10:43:00,4,IN,North,PAID
93,65,2026-06-17 15:38:00,1,US,East,PAID
94,67,2026-06-26 16:29:00,2,IN,East,PAID
95,68,2026-05-31 21:50:00,6,IN,North,CANCELLED
96,69,2026-02-26 17:14:00,2,IN,North,REFUNDED
97,71,2026-06-21 18:59:00,1,IN,North,PAID
98,72,2026-04-07 17:59:00,6,IN,West,PAID
99,73,2026-04-12 15:08:00,4,IN,South,PAID
100,76,2026-03-23 18:48:00,1,IN,South,REFUNDED
101,77,2026-02-15 09:31:00,6,IN,East,PAID
102,78,2026-01-31 21:38:00,3,IN,South,PAID
103,78,2026-02-13 19:08:00,3,IN,South,PAID
104,79,2026-06-13 16:48:00,1,US,West,PAID
105,81,2026-02-23 18:25:00,2,AE,Dubai,PAID
106,81,2026-03-10 12:06:00,2,AE,Dubai,PAID
107,82,2026-05-19 20:15:00,1,IN,North,PAID
108,82,2026-06-19 19:07:00,1,IN,North,PAID
109,83,2026-06-26 17:01:00,1,IN,West,REFUNDED
110,84,2026-04-19 22:31:00,6,IN,South,PAID
111,84,2026-05-11 14:33:00,2,IN,South,PAID
112,85,2026-04-18 19:00:00,1,IN,South,PAID
113,85,2026-05-28 14:52:00,1,IN,South,PAID
114,86,2026-04-12 11:52:00,2,IN,East,CANCELLED
115,86,2026-05-04 17:09:00,2,IN,East,PAID
116,86,2026-05-18 15:36:00,2,IN,East,CANCELLED
117,86,2026-05-29 10:01:00,2,IN,East,PAID
118,87,2026-01-26 20:29:00,1,IN,South,PAID
119,88,2026-01-30 17:19:00,1,IN,North,PAID
120,88,2026-03-03 17:36:00,6,IN,North,CANCELLED
121,88,2026-04-14 10:24:00,1,IN,North,PAID
122,88,2026-05-13 22:45:00,6,IN,North,PAID
123,88,2026-06-11 19:38:00,1,IN,North,PAID
124,90,2026-06-28 14:49:00,5,IN,South,PAID
125,91,2026-06-09 17:45:00,1,IN,West,PAID
126,92,2026-04-03 22:19:00,1,IN,South,PAID
127,93,2026-05-19 19:51:00,1,IN,South,PAID
128,93,2026-06-08 19:01:00,1,IN,South,PAID
129,94,2026-03-18 11:25:00,3,US,East,PAID
130,95,2026-06-24 09:17:00,1,IN,West,PAID
131,96,2026-03-04 12:26:00,1,IN,North,PAID
132,96,2026-04-06 20:29:00,1,IN,North,PAID
133,96,2026-05-11 10:08:00,1,IN,North,PAID
134,96,2026-05-30 16:56:00,1,IN,North,PAID
135,97,2026-06-10 08:38:00,2,IN,West,PAID
136,98,2026-05-09 08:45:00,5,IN,West,PAID
137,99,2026-06-30 22:05:00,1,IN,East,REFUNDED
138,100,2026-06-28 14:21:00,5,IN,West,PAID
139,101,2026-04-09 10:06:00,1,IN,North,PAID
140,102,2026-06-27 10:06:00,1,IN,West,PAID
141,105,2026-04-07 13:27:00,3,IN,West,PAID
142,106,2026-06-19 17:32:00,4,IN,North,PAID
143,108,2026-06-14 10:47:00,5,IN,South,REFUNDED
144,108,2026-06-22 14:32:00,1,IN,South,PAID
145,109,2026-01-06 17:05:00,2,IN,South,PAID
146,109,2026-01-26 19:22:00,2,IN,South,PAID
147,109,2026-02-15 18:22:00,2,IN,South,PAID
148,110,2026-02-12 13:36:00,1,IN,East,REFUNDED
149,111,2026-06-27 21:21:00,6,IN,West,REFUNDED
150,113,2026-05-17 15:21:00,2,IN,South,PAID
151,113,2026-06-26 10:55:00,1,IN,South,PAID
152,115,2026-05-29 22:54:00,2,IN,South,PAID
153,115,2026-06-24 19:03:00,2,IN,South,PAID
154,116,2026-06-21 10:41:00,5,IN,South,PAID
155,117,2026-04-08 19:33:00,2,IN,South,CANCELLED
156,118,2026-03-29 20:06:00,1,IN,East,PAID
157,119,2026-01-13 12:47:00,6,IN,North,PAID
158,121,2026-05-27 09:16:00,6,IN,East,PAID
159,122,2026-05-14 14:30:00,3,IN,West,PAID
160,122,2026-06-15 20:30:00,3,IN,West,CANCELLED
161,123,2026-06-30 17:55:00,1,IN,South,PAID
162,124,2026-06-14 14:46:00,4,IN,North,PAID
163,124,2026-06-26 12:53:00,4,IN,North,PAID
164,125,2026-06-03 20:11:00,1,US,East,PAID
165,125,2026-06-22 10:49:00,1,US,East,PAID
166,126,2026-06-10 20:25:00,6,IN,South,PAID
167,128,2026-04-13 10:12:00,1,IN,South,PAID
168,128,2026-05-13 13:12:00,1,IN,South,PAID
169,128,2026-06-20 20:09:00,1,IN,South,PAID
170,129,2026-03-17 18:26:00,3,IN,West,PAID
171,130,2026-01-19 13:58:00,2,IN,South,PAID
172,130,2026-02-07 12:15:00,2,IN,South,CANCELLED
173,132,2026-01-16 08:51:00,6,IN,South,PAID
174,133,2026-03-10 18:18:00,3,IN,West,PAID
175,134,2026-06-29 17:08:00,1,IN,West,PAID
176,135,2026-04-16 11:45:00,2,IN,South,PAID
177,136,2026-04-30 09:40:00,1,IN,North,REFUNDED
178,136,2026-05-24 12:24:00,2,IN,North,PENDING
179,139,2026-06-30 19:19:00,3,IN,South,PAID
180,141,2026-01-23 22:28:00,1,IN,East,PAID
181,143,2026-06-27 12:25:00,2,IN,West,PAID
182,145,2026-02-09 13:44:00,2,IN,South,PAID
183,146,2026-02-25 11:10:00,4,IN,East,PAID
184,147,2026-05-11 13:55:00,2,IN,West,PAID
185,147,2026-05-29 12:23:00,2,IN,West,PAID
186,148,2026-03-05 08:16:00,1,IN,East,REFUNDED
187,148,2026-04-07 22:39:00,1,IN,East,PAID
188,148,2026-05-05 15:04:00,1,IN,East,PAID
189,148,2026-06-08 14:24:00,1,IN,East,PAID
190,149,2026-01-24 21:25:00,1,IN,East,CANCELLED
191,150,2026-02-06 20:49:00,2,IN,West,PAID
192,150,2026-02-15 15:38:00,2,IN,West,PAID
193,150,2026-02-27 20:41:00,2,IN,West,PAID
194,150,2026-04-01 12:00:00,2,IN,West,PAID
195,152,2026-06-27 10:44:00,2,IN,East,PAID
196,153,2026-01-31 16:49:00,2,IN,North,PAID
197,153,2026-02-08 15:15:00,2,IN,North,PAID
198,153,2026-03-22 16:06:00,2,IN,North,CANCELLED
199,153,2026-04-16 20:07:00,2,IN,North,PAID
200,154,2026-05-08 20:29:00,1,IN,South,REFUNDED
201,154,2026-05-18 12:44:00,1,IN,South,PAID
202,154,2026-06-25 11:27:00,5,IN,South,PAID
203,155,2026-06-12 11:13:00,1,IN,South,PAID
204,156,2026-04-19 15:01:00,6,IN,West,CANCELLED
205,156,2026-04-28 17:27:00,6,IN,West,PAID
206,156,2026-05-10 11:24:00,5,IN,West,PAID
207,156,2026-06-03 18:10:00,6,IN,West,PAID
208,158,2026-02-03 10:50:00,5,IN,East,PAID
209,158,2026-02-13 19:11:00,5,IN,East,PAID
210,159,2026-04-08 21:54:00,2,IN,West,PAID
211,160,2026-06-30 19:21:00,6,IN,West,REFUNDED
212,161,2026-05-02 22:35:00,1,IN,South,PAID
213,162,2026-02-22 22:30:00,1,IN,West,PAID
214,164,2026-05-14 12:55:00,5,IN,West,PAID
215,164,2026-06-18 20:33:00,5,IN,West,PAID
216,165,2026-03-18 15:21:00,6,IN,East,PAID
217,166,2026-03-24 18:13:00,1,IN,North,PAID
218,166,2026-04-03 15:30:00,1,IN,North,PAID
219,166,2026-05-03 22:34:00,1,IN,North,PAID
220,167,2026-06-03 10:51:00,1,AE,Dubai,PAID
221,169,2026-05-28 09:05:00,3,IN,West,PAID
222,169,2026-06-23 12:53:00,3,IN,West,PAID
223,170,2026-05-05 16:42:00,1,IN,North,PAID
224,170,2026-06-05 10:36:00,1,IN,North,PAID
225,171,2026-02-17 19:02:00,2,US,East,PAID
226,171,2026-02-27 08:24:00,2,US,East,PAID
227,171,2026-03-17 18:01:00,2,US,East,PAID
228,171,2026-04-28 11:27:00,2,US,East,PAID
229,172,2026-05-14 21:15:00,1,IN,South,PAID
230,173,2026-01-26 11:27:00,2,IN,East,PAID
231,173,2026-02-11 08:36:00,2,IN,East,PAID
232,175,2026-06-14 11:53:00,1,IN,North,PAID
233,177,2026-04-01 19:42:00,2,IN,West,PAID
234,178,2026-03-07 13:54:00,3,IN,North,PAID
235,178,2026-04-02 18:44:00,3,IN,North,PAID
236,178,2026-04-20 19:24:00,4,IN,North,PAID
237,178,2026-05-29 09:39:00,6,IN,North,PAID
238,179,2026-06-28 12:40:00,4,IN,North,PAID
239,180,2026-06-26 15:55:00,5,IN,South,REFUNDED
240,181,2026-03-20 17:48:00,2,IN,South,PAID
241,181,2026-04-30 14:37:00,2,IN,South,PAID
242,181,2026-05-24 18:35:00,2,IN,South,PAID
243,181,2026-06-25 10:11:00,6,IN,South,PAID
244,183,2026-02-05 10:45:00,6,IN,West,PAID
245,183,2026-03-02 09:04:00,6,IN,West,PAID
246,183,2026-04-07 11:58:00,6,IN,West,PAID
247,183,2026-05-18 16:38:00,2,IN,West,PAID
248,183,2026-06-08 18:32:00,6,IN,West,PAID
249,183,2026-06-16 21:04:00,6,IN,West,PAID
250,186,2026-06-03 20:33:00,2,AE,Dubai,PAID
251,187,2026-02-02 17:12:00,1,IN,North,PAID
252,188,2026-02-22 08:48:00,2,IN,West,PAID
253,190,2026-02-18 18:09:00,2,IN,West,PENDING
254,190,2026-03-08 10:53:00,2,IN,West,PAID
255,191,2026-06-01 14:31:00,6,IN,West,PAID
256,192,2026-04-03 17:09:00,6,IN,West,PAID
257,193,2026-06-22 14:42:00,1,IN,South,PAID
258,196,2026-04-20 08:35:00,6,IN,South,PAID
259,196,2026-05-18 16:06:00,6,IN,South,PAID
260,196,2026-06-21 19:37:00,6,IN,South,PAID
261,197,2026-05-22 15:15:00,3,IN,South,PAID
262,198,2026-03-07 18:39:00,1,IN,West,PAID
263,198,2026-04-13 15:41:00,1,IN,West,PAID
264,199,2026-01-12 12:49:00,2,IN,North,PAID
265,199,2026-01-19 20:12:00,1,IN,North,PAID
266,200,2026-02-27 14:00:00,4,IN,South,PAID
267,203,2026-04-25 22:15:00,1,IN,West,PAID
268,204,2026-05-19 16:22:00,5,IN,East,PAID
269,205,2026-06-29 19:37:00,2,IN,South,PAID
270,206,2026-02-24 13:18:00,1,IN,East,PAID
271,206,2026-04-03 14:27:00,1,IN,East,PAID
272,206,2026-04-24 10:54:00,4,IN,East,PAID
273,207,2026-04-25 18:02:00,4,IN,East,PAID
274,207,2026-05-31 20:07:00,2,IN,East,PAID
275,208,2026-05-23 17:40:00,6,IN,South,PAID
276,209,2026-05-09 12:11:00,1,IN,South,PAID
277,209,2026-06-08 10:57:00,1,IN,South,PAID
278,211,2026-02-27 17:47:00,2,IN,East,PAID
279,211,2026-04-01 12:17:00,6,IN,East,PAID
280,212,2026-04-04 19:24:00,2,GB,England,PAID
281,212,2026-05-05 15:18:00,2,GB,England,PAID
282,212,2026-06-15 11:31:00,2,GB,England,CANCELLED
283,213,2026-06-20 14:35:00,2,IN,East,CANCELLED
284,216,2026-03-30 21:37:00,1,IN,South,PAID
285,217,2026-05-29 16:54:00,5,IN,East,PAID
286,217,2026-06-17 16:18:00,5,IN,East,PAID
287,218,2026-03-28 10:48:00,1,IN,East,PAID
288,218,2026-04-27 19:44:00,1,IN,East,PAID
289,218,2026-05-30 10:41:00,1,IN,East,PAID
290,219,2026-01-31 18:35:00,4,IN,West,PAID
291,219,2026-02-22 19:32:00,4,IN,West,PAID
292,219,2026-04-03 16:34:00,4,IN,West,PAID
293,219,2026-05-12 09:22:00,4,IN,West,PAID
294,220,2026-02-10 20:51:00,3,IN,North,PAID
295,221,2026-06-05 18:07:00,6,IN,North,REFUNDED
296,222,2026-03-16 12:03:00,2,IN,West,PAID
297,223,2026-03-21 15:06:00,4,IN,North,PAID
298,223,2026-03-31 11:38:00,4,IN,North,PAID
299,224,2026-02-26 14:26:00,4,US,East,PAID
300,224,2026-03-13 13:13:00,4,US,East,CANCELLED
301,224,2026-04-18 10:28:00,4,US,East,PAID
302,224,2026-05-07 22:13:00,2,US,East,CANCELLED
303,224,2026-05-25 18:14:00,4,US,East,PAID
304,225,2026-02-05 17:07:00,3,IN,East,PAID
305,226,2026-02-19 15:17:00,1,IN,East,PAID
306,226,2026-03-25 19:37:00,1,IN,East,PAID
307,226,2026-04-08 21:37:00,2,IN,East,PAID
308,226,2026-04-21 11:51:00,1,IN,East,PENDING
309,226,2026-05-09 19:10:00,6,IN,East,PAID
310,226,2026-06-14 18:50:00,1,IN,East,PAID
311,229,2026-05-26 10:28:00,5,IN,South,PAID
312,230,2026-01-09 11:59:00,2,IN,West,PAID
313,231,2026-05-07 14:14:00,3,IN,South,PAID
314,231,2026-06-12 15:00:00,3,IN,South,PAID
315,232,2026-05-21 15:41:00,6,IN,South,PAID
316,232,2026-06-21 16:48:00,2,IN,South,REFUNDED
317,234,2026-02-19 22:46:00,3,US,West,PAID
318,234,2026-03-26 08:06:00,3,US,West,PAID
319,234,2026-04-09 13:08:00,3,US,West,PAID
320,234,2026-04-26 09:12:00,1,US,West,PAID
321,235,2026-03-11 20:21:00,4,IN,South,PAID
322,235,2026-04-12 11:17:00,4,IN,South,PAID
323,235,2026-04-21 15:06:00,4,IN,South,PAID
324,235,2026-05-08 13:59:00,4,IN,South,PAID
325,235,2026-06-16 21:24:00,4,IN,South,PAID
326,236,2026-06-30 14:32:00,1,IN,North,PAID
327,237,2026-03-05 11:34:00,2,IN,South,PAID
328,239,2026-02-14 08:28:00,2,IN,East,REFUNDED
329,239,2026-03-05 17:17:00,2,IN,East,PAID
330,240,2026-03-09 18:07:00,1,IN,South,PAID
331,241,2026-06-24 20:09:00,2,IN,South,PAID
332,242,2026-04-07 22:38:00,4,IN,West,PAID
333,243,2026-02-26 22:16:00,3,US,East,PAID
334,243,2026-03-17 10:35:00,3,US,East,PENDING
335,244,2026-03-27 10:05:00,4,IN,East,PAID
336,245,2026-05-14 11:21:00,2,US,East,PAID
337,245,2026-06-12 17:55:00,4,US,East,PAID
338,248,2026-05-18 17:40:00,2,US,East,PAID
339,248,2026-05-26 22:06:00,2,US,East,PAID
340,250,2026-02-24 14:26:00,2,IN,West,PAID
341,250,2026-03-24 14:57:00,1,IN,West,PAID
342,250,2026-04-26 15:39:00,2,IN,West,PAID
343,250,2026-05-07 17:05:00,2,IN,West,PAID
344,251,2026-02-11 09:31:00,2,US,East,PAID
345,253,2026-06-24 20:48:00,6,IN,East,PAID
346,254,2026-03-08 19:10:00,2,IN,West,PAID
347,254,2026-03-15 21:26:00,2,IN,West,PAID
348,255,2026-04-29 20:43:00,5,IN,North,PAID
349,256,2026-04-29 10:59:00,1,IN,North,PAID
350,256,2026-05-14 09:06:00,1,IN,North,PAID
351,256,2026-05-23 17:32:00,1,IN,North,REFUNDED
352,256,2026-06-17 09:52:00,1,IN,North,PAID
353,257,2026-03-13 10:37:00,2,IN,East,PAID
354,259,2026-05-13 17:08:00,6,IN,East,PAID
355,260,2026-05-10 10:13:00,1,IN,South,PAID
356,261,2026-02-03 22:45:00,1,IN,East,PENDING
357,262,2026-01-27 14:35:00,4,IN,South,PAID
358,262,2026-02-28 10:32:00,4,IN,South,PAID
359,263,2026-04-28 22:58:00,3,IN,West,PAID
360,264,2026-04-26 10:44:00,3,IN,South,PAID
361,265,2026-02-27 16:32:00,1,IN,West,CANCELLED
362,265,2026-04-02 18:51:00,1,IN,West,PAID
363,266,2026-06-23 11:29:00,2,US,West,PAID
364,267,2026-01-22 09:26:00,2,IN,East,PAID
365,268,2026-05-11 09:37:00,2,IN,South,PAID
366,268,2026-06-04 21:27:00,2,IN,South,PAID
367,268,2026-06-29 17:51:00,2,IN,South,PAID
368,269,2026-04-21 16:27:00,2,IN,East,PAID
369,270,2026-05-14 08:24:00,3,IN,East,PAID
370,270,2026-06-25 17:18:00,3,IN,East,PAID
371,271,2026-06-28 22:24:00,6,IN,East,PAID
372,273,2026-06-09 12:27:00,6,IN,South,PAID
373,274,2026-02-01 18:39:00,1,AE,Dubai,PAID
374,274,2026-03-15 16:01:00,1,AE,Dubai,PAID
375,274,2026-03-26 18:29:00,2,AE,Dubai,PAID
376,275,2026-02-13 21:07:00,2,US,West,PAID
377,275,2026-03-23 09:29:00,2,US,West,PAID
378,275,2026-04-02 17:58:00,4,US,West,PAID
379,278,2026-05-31 14:16:00,1,IN,North,PAID
380,279,2026-03-21 11:45:00,2,US,West,PAID
381,279,2026-05-02 20:12:00,1,US,West,CANCELLED
382,279,2026-05-18 21:19:00,2,US,West,CANCELLED
383,279,2026-06-15 09:33:00,4,US,West,PAID
384,280,2026-04-21 21:41:00,4,IN,East,PAID
385,280,2026-05-25 12:12:00,4,IN,East,PAID
386,281,2026-03-14 14:18:00,4,IN,North,PAID
387,283,2026-05-04 12:31:00,4,IN,West,PAID
388,283,2026-05-25 08:40:00,4,IN,West,PAID
389,284,2026-02-14 12:29:00,4,IN,South,PAID
390,285,2026-06-02 14:25:00,1,IN,South,CANCELLED
391,285,2026-06-22 11:11:00,1,IN,South,PAID
392,287,2026-06-10 08:34:00,1,IN,East,PAID
393,287,2026-06-28 12:11:00,6,IN,East,PAID
394,288,2026-05-20 09:59:00,1,IN,North,PAID
395,288,2026-06-28 10:26:00,1,IN,North,CANCELLED
396,289,2026-02-14 15:27:00,1,IN,South,PAID
397,290,2026-04-12 12:15:00,4,IN,East,PAID
398,291,2026-01-30 11:56:00,4,IN,West,PAID
399,292,2026-06-03 17:34:00,1,IN,West,PAID
400,293,2026-03-20 11:36:00,3,IN,West,PAID
401,293,2026-05-01 18:47:00,1,IN,West,PAID
402,295,2026-02-10 12:13:00,1,IN,East,PAID
403,296,2026-04-11 14:36:00,6,IN,North,PAID
404,296,2026-05-23 22:56:00,6,IN,North,CANCELLED
405,298,2026-05-10 21:03:00,1,IN,South,PAID
406,298,2026-06-02 15:21:00,1,IN,South,PAID
407,300,2026-03-18 13:11:00,5,IN,North,PAID
408,301,2026-06-12 22:34:00,4,IN,West,PAID
409,303,2026-05-24 16:24:00,2,IN,West,PAID
410,306,2026-04-13 18:47:00,5,IN,South,PAID
411,307,2026-04-17 18:01:00,3,IN,West,PAID
412,309,2026-02-06 17:27:00,5,IN,West,CANCELLED
413,309,2026-03-15 17:37:00,3,IN,West,PAID
414,309,2026-04-26 19:56:00,1,IN,West,PAID
415,309,2026-05-10 12:37:00,6,IN,West,PAID
416,310,2026-05-21 08:45:00,1,IN,South,PAID
417,310,2026-06-24 19:41:00,1,IN,South,CANCELLED
418,311,2026-03-22 16:51:00,3,IN,North,PAID
419,312,2026-04-16 18:24:00,4,IN,South,PAID
420,312,2026-05-14 12:28:00,4,IN,South,PAID
421,312,2026-06-06 20:56:00,4,IN,South,PAID
422,313,2026-01-24 14:18:00,6,IN,South,CANCELLED
423,313,2026-02-16 13:50:00,6,IN,South,PAID
424,314,2026-04-02 17:23:00,6,IN,West,PENDING
425,314,2026-04-09 18:36:00,6,IN,West,PAID
426,315,2026-02-07 16:39:00,1,IN,East,PAID
427,317,2026-03-22 15:01:00,2,IN,South,PAID
428,319,2026-05-06 16:44:00,2,US,West,PAID
429,320,2026-05-22 18:29:00,2,IN,West,PAID
430,321,2026-04-04 21:33:00,1,IN,North,PAID
431,322,2026-01-30 17:21:00,2,IN,West,PAID
432,322,2026-03-04 20:19:00,2,IN,West,PAID
433,322,2026-04-04 09:10:00,2,IN,West,PAID
434,323,2026-03-18 18:33:00,6,IN,East,PAID
435,324,2026-05-03 16:42:00,4,IN,South,PAID
436,324,2026-05-30 10:22:00,4,IN,South,PAID
437,324,2026-06-07 10:18:00,3,IN,South,PAID
438,324,2026-06-17 15:37:00,4,IN,South,PAID
439,326,2026-06-20 21:34:00,2,IN,West,PAID
440,327,2026-06-22 08:46:00,1,US,East,PAID
441,328,2026-04-01 10:28:00,4,AE,Dubai,REFUNDED
442,328,2026-05-08 11:10:00,4,AE,Dubai,REFUNDED
443,330,2026-05-08 12:12:00,3,IN,South,PAID
444,333,2026-06-28 10:50:00,1,IN,West,PAID
445,334,2026-03-31 18:08:00,6,IN,East,PAID
446,337,2026-02-27 19:11:00,1,AE,Dubai,PAID
447,338,2026-02-04 20:00:00,1,IN,East,PAID
448,338,2026-03-05 10:01:00,2,IN,East,PAID
449,339,2026-01-21 16:06:00,2,IN,South,PAID
450,341,2026-01-22 17:36:00,2,IN,West,PAID
451,341,2026-02-09 15:40:00,2,IN,West,PAID
452,341,2026-03-19 13:37:00,2,IN,West,PAID
453,343,2026-01-17 10:35:00,2,IN,East,PAID
454,343,2026-01-28 14:52:00,2,IN,East,REFUNDED
455,343,2026-02-06 21:52:00,2,IN,East,PAID
456,343,2026-02-28 14:24:00,2,IN,East,PAID
457,344,2026-05-18 13:11:00,2,IN,East,PAID
458,345,2026-04-28 13:03:00,2,AE,Dubai,PAID
459,345,2026-05-11 10:06:00,6,AE,Dubai,PAID
460,345,2026-05-23 19:23:00,2,AE,Dubai,PAID
461,346,2026-05-12 12:52:00,1,IN,North,PAID
462,347,2026-02-18 11:41:00,4,IN,North,PAID
463,347,2026-03-17 10:59:00,4,IN,North,PAID
464,348,2026-03-12 12:52:00,1,IN,East,PAID
465,349,2026-02-01 19:53:00,3,IN,North,PAID
466,350,2026-03-12 09:59:00,3,IN,South,PAID
467,350,2026-03-24 14:33:00,3,IN,South,PAID
468,351,2026-05-18 18:17:00,5,IN,East,REFUNDED
469,352,2026-06-13 17:19:00,5,IN,East,PENDING
470,353,2026-04-04 12:16:00,2,IN,West,PAID
471,354,2026-06-26 18:00:00,1,IN,East,PAID
472,356,2026-03-31 18:14:00,4,IN,South,PAID
473,356,2026-04-21 17:29:00,4,IN,South,PAID
474,356,2026-05-14 20:25:00,4,IN,South,CANCELLED
475,356,2026-06-02 17:50:00,4,IN,South,PAID
476,357,2026-04-21 14:25:00,5,IN,South,PAID
477,357,2026-05-20 18:35:00,5,IN,South,PAID
478,357,2026-06-16 19:07:00,5,IN,South,PAID
479,358,2026-02-10 10:29:00,6,IN,North,PAID
480,359,2026-02-11 14:16:00,6,IN,West,PAID
481,359,2026-02-26 22:55:00,6,IN,West,PAID
482,360,2026-03-10 22:19:00,6,IN,East,PAID
483,361,2026-04-22 19:15:00,1,IN,East,PAID
484,361,2026-05-04 19:06:00,1,IN,East,PAID
485,362,2026-06-28 22:59:00,1,IN,North,PAID
486,363,2026-03-25 20:11:00,2,IN,West,PAID
487,364,2026-03-23 16:01:00,5,US,West,PAID
488,364,2026-04-19 14:13:00,5,US,West,PAID
489,365,2026-04-22 20:09:00,4,US,West,PAID
490,365,2026-05-01 22:00:00,4,US,West,PAID
491,368,2026-06-05 19:48:00,1,IN,North,PAID
492,369,2026-06-15 08:20:00,3,IN,East,PAID
493,370,2026-06-28 17:34:00,2,IN,East,PAID
494,371,2026-02-03 17:40:00,3,IN,North,PAID
495,372,2026-01-16 12:28:00,1,IN,East,PAID
496,372,2026-02-25 08:01:00,3,IN,East,PAID
497,372,2026-03-19 17:12:00,1,IN,East,PAID
498,373,2026-04-25 21:08:00,6,IN,West,PAID
499,375,2026-06-28 15:20:00,4,IN,North,PAID
500,376,2026-04-21 20:14:00,2,IN,North,PAID
501,376,2026-05-05 17:17:00,2,IN,North,PAID
502,377,2026-05-04 21:11:00,6,IN,West,PAID
503,377,2026-06-09 12:09:00,6,IN,West,PAID
504,378,2026-02-04 11:22:00,6,IN,East,PAID
505,379,2026-06-11 17:02:00,3,IN,West,PAID
506,380,2026-02-10 13:54:00,4,IN,North,PAID
507,380,2026-03-21 18:37:00,4,IN,North,PAID
508,380,2026-04-13 14:40:00,6,IN,North,PAID
509,381,2026-04-25 21:41:00,1,IN,West,PAID
510,382,2026-04-27 16:07:00,3,IN,South,PAID
511,382,2026-05-29 21:30:00,1,IN,South,PAID
512,383,2026-03-10 14:14:00,2,IN,East,PAID
513,384,2026-05-02 14:48:00,3,IN,East,PAID
514,386,2026-04-25 19:12:00,2,IN,East,REFUNDED
515,388,2026-05-04 20:25:00,1,IN,East,PAID
516,389,2026-06-15 16:58:00,1,IN,North,PAID
517,390,2026-01-25 12:42:00,6,IN,East,PAID
518,390,2026-02-12 22:49:00,1,IN,East,PAID
519,391,2026-06-28 19:34:00,4,IN,South,PAID
520,392,2026-03-24 08:16:00,2,IN,East,PAID
521,392,2026-04-11 15:08:00,2,IN,East,PAID
522,393,2026-06-30 19:51:00,2,IN,North,PAID
523,394,2026-02-02 10:02:00,3,IN,East,PAID
524,394,2026-03-14 19:26:00,3,IN,East,PAID
525,396,2026-03-08 13:10:00,6,IN,South,PAID
526,397,2026-06-01 08:54:00,3,IN,North,PAID
527,398,2026-06-05 11:41:00,1,IN,North,PAID
528,398,2026-06-28 19:58:00,2,IN,North,PAID
529,399,2026-06-05 11:03:00,6,IN,South,PAID
530,400,2026-03-13 09:36:00,1,IN,West,PAID
531,402,2026-01-25 18:57:00,3,IN,South,PAID
532,402,2026-03-01 16:16:00,3,IN,South,PAID
533,403,2026-03-12 22:53:00,1,IN,South,REFUNDED
534,404,2026-04-17 10:24:00,4,IN,East,PAID
535,405,2026-06-26 21:39:00,1,GB,England,REFUNDED
536,406,2026-04-04 13:00:00,6,IN,South,PAID
537,406,2026-04-29 13:32:00,6,IN,South,PAID
538,407,2026-03-03 13:19:00,1,IN,North,PAID
539,407,2026-03-20 08:39:00,4,IN,North,PAID
540,407,2026-05-01 19:46:00,1,IN,North,PAID
541,408,2026-03-04 15:04:00,1,IN,North,PAID
542,411,2026-03-11 13:56:00,3,IN,West,PAID
543,412,2026-02-15 15:51:00,6,IN,South,PAID
544,412,2026-03-05 09:02:00,5,IN,South,PAID
545,412,2026-04-11 15:42:00,6,IN,South,PAID
546,413,2026-06-12 08:47:00,2,IN,East,PAID
547,414,2026-02-22 22:03:00,2,IN,East,PAID
548,414,2026-03-12 21:13:00,1,IN,East,PAID
549,414,2026-04-02 11:16:00,2,IN,East,PAID
550,414,2026-04-10 17:25:00,2,IN,East,PENDING
551,414,2026-05-15 08:13:00,2,IN,East,PAID
552,415,2026-03-27 16:11:00,6,US,East,PAID
553,416,2026-06-25 15:41:00,4,US,East,CANCELLED
554,417,2026-03-06 10:16:00,6,IN,West,PAID
555,418,2026-06-29 14:16:00,2,US,East,PAID
556,419,2026-04-26 14:33:00,4,US,East,PAID
557,419,2026-06-04 13:18:00,4,US,East,PAID
558,420,2026-03-30 16:53:00,2,IN,South,REFUNDED
559,420,2026-04-10 09:01:00,2,IN,South,PAID
560,420,2026-05-11 18:53:00,6,IN,South,PAID
561,420,2026-06-07 14:29:00,2,IN,South,PAID
562,420,2026-06-29 09:14:00,3,IN,South,PAID
563,421,2026-03-17 16:36:00,5,IN,West,PAID
564,422,2026-01-25 18:54:00,1,IN,South,PAID
565,423,2026-06-02 14:55:00,2,IN,South,PAID
566,425,2026-05-10 22:27:00,1,IN,West,PAID
567,425,2026-06-08 13:16:00,1,IN,West,PAID
568,426,2026-01-28 21:48:00,5,IN,West,REFUNDED
569,426,2026-02-20 09:46:00,5,IN,West,PAID
570,427,2026-06-08 13:53:00,5,IN,North,PAID
571,428,2026-01-26 22:48:00,2,IN,South,PAID
572,428,2026-03-01 13:02:00,2,IN,South,PAID
573,428,2026-03-18 08:33:00,1,IN,South,PAID
574,428,2026-04-02 12:17:00,2,IN,South,PAID
575,428,2026-04-10 08:32:00,2,IN,South,PAID
576,429,2026-06-30 11:34:00,1,IN,East,PAID
577,430,2026-05-02 11:09:00,6,GB,England,PAID
578,431,2026-05-19 22:52:00,6,IN,West,PAID
579,431,2026-06-01 08:32:00,6,IN,West,PAID
580,432,2026-03-02 11:04:00,6,IN,North,PAID
581,432,2026-03-27 20:50:00,2,IN,North,PAID
582,434,2026-04-17 18:20:00,3,IN,West,PAID
583,434,2026-05-18 11:40:00,5,IN,West,CANCELLED
584,435,2026-06-30 15:49:00,4,IN,West,PAID
585,436,2026-02-26 14:48:00,6,IN,East,PAID
586,437,2026-05-10 13:14:00,1,IN,East,REFUNDED
587,437,2026-06-19 21:44:00,1,IN,East,PAID
588,438,2026-05-05 16:23:00,1,IN,East,PAID
589,438,2026-06-05 19:40:00,1,IN,East,PAID
590,439,2026-04-16 17:49:00,1,IN,West,PAID
591,439,2026-05-19 22:51:00,1,IN,West,PAID
592,439,2026-05-26 16:18:00,1,IN,West,PAID
593,439,2026-06-30 19:54:00,5,IN,West,REFUNDED
594,440,2026-04-02 22:40:00,3,IN,North,PAID
595,441,2026-04-28 11:20:00,1,IN,East,PAID
596,441,2026-05-08 22:00:00,1,IN,East,PAID
597,442,2026-03-30 18:49:00,1,IN,North,PAID
598,442,2026-04-12 21:29:00,1,IN,North,REFUNDED
599,442,2026-05-21 21:15:00,1,IN,North,PAID
600,443,2026-06-07 22:38:00,1,IN,West,PAID
601,445,2026-01-27 20:31:00,4,IN,South,PAID
602,445,2026-02-20 21:11:00,1,IN,South,PAID
603,445,2026-03-30 08:57:00,4,IN,South,PAID
604,446,2026-02-04 20:56:00,3,IN,East,PAID
605,446,2026-03-11 13:44:00,3,IN,East,PAID
606,446,2026-04-17 11:40:00,2,IN,East,CANCELLED
607,446,2026-05-27 12:18:00,5,IN,East,PAID
608,447,2026-01-14 12:17:00,5,IN,West,PAID
609,447,2026-02-20 17:31:00,5,IN,West,PAID
610,448,2026-04-30 14:53:00,2,IN,North,PAID
611,449,2026-04-10 14:46:00,1,IN,South,PENDING
612,449,2026-05-15 08:37:00,1,IN,South,PAID
613,449,2026-06-22 12:23:00,2,IN,South,PAID
614,450,2026-06-28 09:57:00,2,US,West,REFUNDED
615,451,2026-02-27 21:59:00,6,IN,West,PAID
616,453,2026-06-19 15:39:00,1,GB,England,PAID
617,454,2026-06-29 15:00:00,2,IN,North,PAID
618,455,2026-04-10 21:54:00,1,IN,West,PAID
619,455,2026-05-14 22:23:00,1,IN,West,PAID
620,455,2026-06-14 09:58:00,1,IN,West,PAID
621,456,2026-02-01 12:38:00,3,IN,North,PAID
622,456,2026-03-11 08:51:00,3,IN,North,PAID
623,456,2026-04-04 11:52:00,3,IN,North,PAID
624,456,2026-04-14 21:21:00,2,IN,North,PAID
625,456,2026-05-22 17:49:00,3,IN,North,PAID
626,457,2026-03-27 13:42:00,3,IN,North,PAID
627,457,2026-04-09 20:40:00,3,IN,North,PAID
628,458,2026-06-20 21:56:00,6,US,West,CANCELLED
629,459,2026-03-20 18:54:00,2,IN,West,PAID
630,459,2026-05-01 13:10:00,2,IN,West,PAID
631,460,2026-02-20 22:33:00,1,IN,West,PAID
632,460,2026-02-28 22:42:00,1,IN,West,PAID
633,461,2026-03-03 09:20:00,3,IN,North,PAID
634,461,2026-03-21 20:39:00,2,IN,North,PAID
635,461,2026-04-22 16:49:00,3,IN,North,PAID
636,463,2026-06-03 17:58:00,5,IN,South,PAID
637,464,2026-04-02 11:15:00,4,IN,East,REFUNDED
638,464,2026-05-10 11:10:00,4,IN,East,PAID
639,464,2026-05-23 22:39:00,3,IN,East,PAID
640,464,2026-06-03 19:39:00,4,IN,East,PAID
641,465,2026-06-30 12:19:00,2,IN,East,PAID
642,467,2026-01-15 09:24:00,3,IN,East,PAID
643,468,2026-01-20 15:16:00,3,IN,East,PAID
644,468,2026-02-06 10:17:00,3,IN,East,PAID
645,469,2026-03-30 20:51:00,2,IN,North,PAID
646,470,2026-05-31 15:54:00,6,IN,North,PAID
647,472,2026-05-20 15:35:00,6,IN,East,REFUNDED
648,472,2026-05-30 09:58:00,6,IN,East,PAID
649,473,2026-02-01 13:34:00,4,IN,East,PAID
650,473,2026-02-13 15:01:00,6,IN,East,PAID
651,474,2026-05-25 12:35:00,6,AE,Dubai,PAID
652,475,2026-04-12 14:50:00,3,IN,East,PAID
653,475,2026-05-04 22:22:00,3,IN,East,PAID
654,475,2026-05-25 19:40:00,3,IN,East,PAID
655,476,2026-05-12 10:45:00,2,IN,East,PAID
656,477,2026-03-25 09:10:00,2,IN,South,PENDING
657,477,2026-04-27 22:18:00,2,IN,South,PAID
658,478,2026-05-06 21:51:00,2,AE,Dubai,PAID
659,482,2026-03-12 15:28:00,4,IN,East,PAID
660,483,2026-06-19 14:00:00,2,IN,East,PAID
661,483,2026-06-26 17:21:00,6,IN,East,PAID
662,484,2026-05-20 08:05:00,5,IN,East,PAID
663,488,2026-03-29 19:16:00,4,US,West,PAID
664,490,2026-05-22 10:37:00,2,IN,West,PAID
665,490,2026-06-21 20:56:00,6,IN,West,PAID
666,491,2026-05-14 15:45:00,4,AE,Dubai,PAID
667,492,2026-02-01 21:44:00,3,US,West,PAID
668,493,2026-05-27 19:51:00,2,IN,West,PAID
669,494,2026-06-05 12:49:00,4,IN,West,PAID
670,495,2026-04-04 13:52:00,4,IN,South,PAID
671,497,2026-04-20 20:11:00,1,IN,West,PAID
672,497,2026-05-06 11:33:00,1,IN,West,PAID
673,497,2026-05-31 21:18:00,1,IN,West,PAID
674,498,2026-05-13 20:47:00,6,IN,East,PAID
675,498,2026-05-25 13:42:00,6,IN,East,PAID
676,498,2026-06-12 14:16:00,6,IN,East,PAID
677,499,2026-01-24 11:34:00,2,IN,East,PAID
678,499,2026-02-19 13:31:00,2,IN,East,PAID
679,499,2026-03-01 22:38:00,2,IN,East,PAID
680,500,2026-05-16 21:26:00,2,IN,South,PAID
681,501,2026-02-14 15:42:00,2,IN,East,PAID
682,502,2026-03-30 09:42:00,1,IN,East,PAID
683,504,2026-04-07 20:22:00,2,IN,North,PAID
684,504,2026-05-06 18:18:00,2,IN,North,PAID
685,505,2026-05-04 15:32:00,6,IN,West,PAID
686,505,2026-05-25 08:45:00,6,IN,West,PAID
687,507,2026-03-16 13:59:00,4,IN,North,PAID
688,508,2026-02-01 21:45:00,2,IN,East,PAID
689,508,2026-02-18 12:23:00,3,IN,East,PAID
690,509,2026-02-12 22:14:00,3,IN,North,PAID
691,509,2026-03-20 22:13:00,3,IN,North,PAID
692,510,2026-01-26 11:39:00,4,IN,South,PAID
693,510,2026-02-16 22:43:00,4,IN,South,CANCELLED
694,510,2026-03-17 12:42:00,2,IN,South,PAID
695,510,2026-03-25 19:58:00,4,IN,South,PAID
696,510,2026-04-11 08:02:00,4,IN,South,PAID
697,511,2026-05-17 15:00:00,1,IN,East,REFUNDED
698,511,2026-06-05 19:59:00,1,IN,East,PAID
699,511,2026-06-13 16:40:00,3,IN,East,PAID
700,512,2026-01-07 14:38:00,1,IN,East,PAID
701,513,2026-04-13 10:35:00,6,AE,Dubai,PAID
702,515,2026-06-26 08:56:00,1,IN,South,PAID
703,516,2026-02-05 08:01:00,2,IN,East,PAID
704,516,2026-02-26 14:28:00,2,IN,East,PAID
705,517,2026-06-11 10:07:00,4,AE,Dubai,REFUNDED
706,518,2026-06-16 12:41:00,2,IN,West,PAID
707,519,2026-02-09 09:49:00,1,IN,West,PAID
708,519,2026-03-22 09:55:00,1,IN,West,PAID
709,520,2026-05-27 22:51:00,1,IN,West,PAID
710,520,2026-06-15 22:59:00,1,IN,West,PAID
711,521,2026-02-14 20:59:00,5,IN,East,PAID
712,522,2026-02-27 11:11:00,2,IN,North,PAID
713,523,2026-03-10 22:00:00,6,IN,West,PAID
714,523,2026-03-24 22:29:00,6,IN,West,PAID
715,524,2026-04-26 15:46:00,1,IN,East,PAID
716,524,2026-05-17 11:43:00,1,IN,East,PAID
717,524,2026-06-08 12:46:00,1,IN,East,PAID
718,526,2026-01-16 19:51:00,1,IN,East,CANCELLED
719,527,2026-04-07 14:47:00,2,IN,West,PAID
720,528,2026-06-30 22:04:00,5,IN,South,PAID
721,530,2026-04-27 21:59:00,1,IN,West,PAID
722,530,2026-05-12 08:33:00,1,IN,West,PAID
723,531,2026-03-19 14:42:00,1,US,East,PAID
724,532,2026-01-21 17:02:00,6,IN,West,PAID
725,532,2026-02-10 10:06:00,6,IN,West,PAID
726,533,2026-01-29 14:06:00,1,US,East,PAID
727,534,2026-02-19 16:52:00,1,IN,North,CANCELLED
728,535,2026-01-24 21:55:00,4,IN,North,PAID
729,535,2026-03-02 11:55:00,3,IN,North,PAID
730,537,2026-04-29 09:24:00,6,IN,South,PENDING
731,542,2026-02-16 22:18:00,3,IN,East,REFUNDED
732,542,2026-03-06 22:09:00,3,IN,East,PAID
733,543,2026-06-30 21:12:00,4,IN,South,PAID
734,544,2026-06-09 13:27:00,5,IN,South,PAID
735,545,2026-04-19 09:20:00,2,IN,South,PAID
736,545,2026-04-30 10:52:00,6,IN,South,PAID
737,545,2026-06-08 21:24:00,2,IN,South,PAID
738,546,2026-05-22 19:43:00,3,IN,East,PAID
739,546,2026-06-11 12:51:00,1,IN,East,REFUNDED
740,547,2026-04-24 11:47:00,1,IN,East,PAID
741,548,2026-03-22 14:22:00,1,IN,East,PAID
742,549,2026-05-01 19:04:00,6,US,East,CANCELLED
743,550,2026-05-11 20:24:00,2,IN,North,PAID
744,550,2026-05-26 21:55:00,6,IN,North,PAID
745,551,2026-02-12 08:13:00,3,IN,North,PAID
746,551,2026-02-21 11:01:00,3,IN,North,PAID
747,552,2026-04-26 14:30:00,4,IN,East,PAID
748,552,2026-05-17 16:00:00,4,IN,East,REFUNDED
749,552,2026-06-27 16:51:00,4,IN,East,PAID
750,553,2026-03-10 22:17:00,1,IN,North,PAID
751,554,2026-05-17 13:29:00,1,IN,North,PAID
752,554,2026-06-22 09:39:00,4,IN,North,PAID
753,555,2026-04-28 18:25:00,1,IN,North,PAID
754,555,2026-06-08 19:04:00,1,IN,North,CANCELLED
755,556,2026-04-14 12:06:00,5,IN,North,PENDING
756,556,2026-05-06 13:33:00,5,IN,North,PAID
757,557,2026-03-02 11:49:00,4,IN,South,CANCELLED
758,558,2026-04-24 19:11:00,2,IN,East,PAID
759,559,2026-06-28 10:49:00,1,IN,East,PAID
760,560,2026-01-29 18:37:00,1,IN,West,PAID
761,561,2026-02-21 14:59:00,2,IN,North,PAID
762,561,2026-03-23 12:41:00,6,IN,North,PAID
763,562,2026-05-17 09:04:00,1,IN,West,PAID
764,562,2026-06-03 18:00:00,4,IN,West,PAID
765,565,2026-05-22 11:03:00,6,IN,South,PAID
766,567,2026-05-08 18:27:00,4,GB,England,PAID
767,567,2026-06-18 18:21:00,4,GB,England,PAID
768,569,2026-04-11 11:15:00,2,IN,North,REFUNDED
769,570,2026-02-14 13:37:00,1,IN,North,PAID
770,570,2026-03-08 16:26:00,1,IN,North,PAID
771,571,2026-05-03 12:21:00,4,IN,North,PAID
772,572,2026-03-08 16:13:00,6,IN,North,REFUNDED
773,573,2026-06-04 12:35:00,1,IN,South,PAID
774,573,2026-06-15 12:01:00,1,IN,South,PAID
775,574,2026-04-12 09:33:00,1,IN,South,PAID
776,574,2026-04-26 18:24:00,1,IN,South,PAID
777,574,2026-06-07 16:15:00,1,IN,South,PAID
778,575,2026-05-08 09:18:00,1,IN,North,PAID
779,576,2026-03-17 18:31:00,6,AE,Dubai,CANCELLED
780,579,2026-06-27 17:57:00,5,IN,West,PAID
781,580,2026-03-24 08:34:00,3,IN,West,PAID
782,580,2026-04-09 16:05:00,4,IN,West,PAID
783,581,2026-04-05 13:04:00,1,IN,North,PAID
784,581,2026-04-21 19:47:00,1,IN,North,PAID
785,583,2026-06-19 19:59:00,1,IN,South,PAID
786,584,2026-05-02 16:16:00,1,IN,West,PAID
787,585,2026-05-24 19:14:00,1,US,West,PAID
788,588,2026-02-08 15:20:00,4,IN,South,PAID
789,588,2026-02-28 10:35:00,4,IN,South,PAID
790,589,2026-05-07 18:58:00,2,IN,West,PAID
791,590,2026-06-05 15:26:00,3,IN,South,PAID
792,590,2026-06-27 15:51:00,1,IN,South,PAID
793,591,2026-02-18 12:56:00,3,IN,South,PAID
794,591,2026-03-21 12:41:00,3,IN,South,PAID
795,591,2026-04-06 22:09:00,3,IN,South,PAID
796,592,2026-06-08 20:58:00,3,IN,North,PAID
797,592,2026-06-16 21:26:00,3,IN,North,PAID
798,593,2026-06-06 17:51:00,1,IN,North,PAID
799,594,2026-02-24 21:38:00,2,IN,North,PAID
800,595,2026-02-16 21:26:00,3,AE,Dubai,PAID
801,595,2026-03-12 08:56:00,6,AE,Dubai,REFUNDED
802,598,2026-06-29 16:28:00,1,US,East,PAID
803,599,2026-06-29 22:22:00,2,IN,West,PAID
804,600,2026-01-13 21:49:00,3,GB,England,PAID
805,601,2026-03-14 17:04:00,3,IN,South,PAID
806,602,2026-05-03 17:44:00,4,IN,East,PAID
807,602,2026-05-12 21:58:00,4,IN,East,PAID
808,603,2026-01-14 18:14:00,5,IN,East,PAID
809,603,2026-01-21 18:10:00,5,IN,East,PAID
810,604,2026-02-24 11:08:00,4,IN,East,PAID
811,605,2026-06-03 09:53:00,6,IN,North,PAID
812,606,2026-05-06 17:57:00,1,IN,South,PAID
813,607,2026-04-26 08:58:00,4,IN,North,PAID
814,607,2026-05-12 17:06:00,4,IN,North,PAID
815,607,2026-06-03 20:00:00,4,IN,North,PAID
816,608,2026-03-27 10:26:00,1,IN,North,PAID
817,608,2026-05-08 17:39:00,1,IN,North,PAID
818,608,2026-05-29 18:57:00,1,IN,North,PAID
819,609,2026-06-19 22:34:00,2,IN,North,PAID
820,611,2026-03-18 17:42:00,2,IN,North,PAID
821,611,2026-04-16 15:30:00,2,IN,North,PAID
822,612,2026-01-29 16:19:00,4,IN,South,PAID
823,612,2026-03-08 18:50:00,4,IN,South,PAID
824,612,2026-03-23 17:30:00,4,IN,South,PAID
825,612,2026-03-30 17:58:00,4,IN,South,PAID
826,613,2026-06-30 21:15:00,1,IN,West,PAID
827,614,2026-06-16 11:33:00,2,IN,East,PAID
828,615,2026-06-12 08:53:00,3,IN,East,PAID
829,616,2026-06-06 14:42:00,1,IN,North,PAID
830,619,2026-02-27 12:47:00,2,IN,West,PAID
831,621,2026-01-31 10:20:00,4,IN,West,PAID
832,621,2026-02-10 11:42:00,6,IN,West,PAID
833,621,2026-03-01 15:48:00,4,IN,West,PAID
834,621,2026-03-19 09:48:00,4,IN,West,PAID
835,622,2026-06-02 15:13:00,2,IN,North,PAID
836,622,2026-06-26 22:30:00,3,IN,North,PAID
837,623,2026-03-27 11:18:00,6,IN,North,REFUNDED
838,623,2026-05-08 18:00:00,6,IN,North,PAID
839,624,2026-03-12 18:41:00,2,IN,South,PAID
840,625,2026-02-08 17:48:00,5,IN,South,PAID
841,625,2026-03-16 18:40:00,5,IN,South,PAID
842,625,2026-04-16 13:21:00,1,IN,South,PAID
843,625,2026-04-30 22:36:00,1,IN,South,PAID
844,625,2026-05-14 18:51:00,5,IN,South,PAID
845,626,2026-05-15 09:16:00,1,IN,West,PAID
846,626,2026-06-15 14:25:00,1,IN,West,CANCELLED
847,628,2026-06-17 14:12:00,2,IN,North,PAID
848,629,2026-02-07 18:37:00,3,IN,North,PAID
849,630,2026-04-29 20:13:00,3,IN,West,PAID
850,632,2026-06-09 18:58:00,3,IN,East,PAID
851,633,2026-02-28 14:14:00,1,IN,East,PAID
852,633,2026-03-21 14:40:00,1,IN,East,PAID
853,633,2026-05-02 22:18:00,1,IN,East,PAID
854,634,2026-01-25 22:39:00,1,IN,East,PAID
855,635,2026-03-19 08:01:00,4,IN,South,PAID
856,635,2026-04-29 19:30:00,4,IN,South,PAID
857,636,2026-04-01 19:48:00,2,IN,East,PAID
858,638,2026-06-13 10:51:00,1,IN,South,REFUNDED
859,639,2026-02-15 12:56:00,2,US,East,PAID
860,639,2026-03-24 22:23:00,2,US,East,PAID
861,639,2026-05-03 12:42:00,2,US,East,PAID
862,639,2026-05-13 15:13:00,2,US,East,PAID
863,640,2026-03-17 16:27:00,2,IN,South,CANCELLED
864,640,2026-03-30 08:49:00,2,IN,South,CANCELLED
865,641,2026-03-18 19:03:00,3,AE,Dubai,PAID
866,641,2026-04-10 18:29:00,2,AE,Dubai,PAID
867,641,2026-05-18 17:42:00,3,AE,Dubai,PAID
868,642,2026-02-08 15:34:00,2,IN,West,PAID
869,643,2026-02-08 17:59:00,6,IN,East,PAID
870,644,2026-02-22 20:56:00,2,IN,East,PAID
871,644,2026-03-02 22:42:00,2,IN,East,PAID
872,645,2026-02-25 13:09:00,3,IN,East,PAID
873,646,2026-06-10 14:02:00,2,IN,South,PAID
874,647,2026-03-22 18:32:00,1,IN,North,PAID
875,647,2026-04-23 13:19:00,4,IN,North,PAID
876,647,2026-05-07 22:35:00,1,IN,North,PAID
877,648,2026-03-13 09:19:00,1,IN,South,PAID
878,649,2026-01-15 14:39:00,2,IN,South,PAID
879,649,2026-02-23 20:38:00,6,IN,South,PAID
880,649,2026-03-13 14:20:00,2,IN,South,PAID
881,651,2026-04-30 18:42:00,2,IN,East,PAID
882,652,2026-06-29 10:58:00,1,IN,South,PAID
883,653,2026-04-07 20:35:00,4,IN,South,PAID
884,653,2026-04-24 11:17:00,4,IN,South,PAID
885,654,2026-06-21 13:18:00,2,IN,South,PAID
886,655,2026-03-08 15:02:00,6,IN,North,PAID
887,656,2026-05-18 15:43:00,2,IN,East,PAID
888,656,2026-06-07 21:23:00,2,IN,East,PAID
889,657,2026-05-03 22:53:00,4,IN,West,PAID
890,657,2026-05-25 11:49:00,2,IN,West,PAID
891,658,2026-06-17 09:51:00,1,IN,South,PAID
892,659,2026-05-27 14:34:00,2,IN,North,PAID
893,660,2026-06-27 22:28:00,1,IN,West,PAID
894,661,2026-05-22 16:48:00,1,IN,North,CANCELLED
895,661,2026-05-29 13:43:00,1,IN,North,CANCELLED
896,662,2026-01-23 13:40:00,1,IN,North,PAID
897,662,2026-02-18 20:30:00,2,IN,North,PAID
898,663,2026-06-19 19:40:00,3,IN,South,PAID
899,664,2026-03-23 13:37:00,2,US,East,PAID
900,665,2026-06-10 10:34:00,4,IN,South,PAID
901,666,2026-05-26 12:24:00,3,IN,West,PAID
902,667,2026-04-23 13:16:00,1,IN,South,PAID
903,668,2026-04-21 14:33:00,4,IN,North,PAID
904,670,2026-06-29 19:44:00,6,IN,North,PAID
905,671,2026-05-19 08:34:00,1,IN,East,PAID
906,672,2026-06-24 09:32:00,4,IN,South,PAID
907,673,2026-02-05 14:19:00,2,IN,West,PAID
908,674,2026-05-01 14:23:00,1,IN,West,PAID
909,675,2026-06-11 19:27:00,1,IN,South,PAID
910,676,2026-02-03 19:54:00,2,IN,East,CANCELLED
911,677,2026-02-21 19:38:00,3,US,East,REFUNDED
912,677,2026-03-09 19:45:00,5,US,East,PAID
913,677,2026-04-14 20:34:00,1,US,East,PAID
914,679,2026-03-02 19:16:00,4,AE,Dubai,PAID
915,679,2026-03-13 19:02:00,4,AE,Dubai,PAID
916,679,2026-04-11 17:52:00,4,AE,Dubai,PAID
917,680,2026-05-21 09:57:00,2,IN,West,PAID
918,681,2026-06-17 15:47:00,1,IN,West,PAID
919,682,2026-05-21 19:22:00,6,IN,North,PAID
920,682,2026-06-29 14:00:00,6,IN,North,PAID
921,683,2026-03-16 20:48:00,2,IN,South,PAID
922,684,2026-05-09 18:10:00,1,IN,North,PAID
923,684,2026-05-24 14:22:00,3,IN,North,PAID
924,684,2026-06-27 20:16:00,1,IN,North,PAID
925,685,2026-06-26 14:44:00,1,AE,Dubai,PAID
926,687,2026-03-28 13:23:00,3,IN,West,PAID
927,688,2026-04-23 22:55:00,1,IN,East,PAID
928,688,2026-04-30 11:41:00,2,IN,East,PAID
929,689,2026-02-11 20:12:00,3,IN,East,PAID
930,689,2026-03-25 10:15:00,3,IN,East,PAID
931,689,2026-04-03 12:11:00,2,IN,East,PAID
932,689,2026-04-25 17:58:00,1,IN,East,PAID
933,691,2026-04-01 13:40:00,2,IN,East,PAID
934,692,2026-06-25 13:49:00,6,US,East,PAID
935,693,2026-03-19 09:38:00,1,IN,South,PAID
936,693,2026-04-06 17:07:00,1,IN,South,PAID
937,694,2026-01-11 21:27:00,3,IN,East,PAID
938,694,2026-01-23 14:21:00,3,IN,East,PAID
939,694,2026-01-31 13:06:00,3,IN,East,PAID
940,694,2026-02-27 22:31:00,3,IN,East,PAID
941,695,2026-02-07 15:11:00,6,IN,North,PAID
942,696,2026-06-20 16:51:00,2,IN,West,PAID
943,697,2026-02-26 18:54:00,2,IN,West,PAID
944,697,2026-04-08 16:44:00,4,IN,West,PAID
945,698,2026-05-20 20:54:00,3,IN,East,PAID
946,699,2026-06-30 12:07:00,1,IN,West,PENDING
947,700,2026-04-08 13:41:00,2,IN,South,PAID
948,700,2026-05-19 20:20:00,2,IN,South,PAID
949,700,2026-06-08 12:55:00,2,IN,South,PAID
