shipment_id,order_id,courier,shipped_at,promised_delivery_date,delivered_at,shipping_cost,shipping_status
1,1,Delhivery,2026-03-29 14:47:00,2026-04-01,2026-04-02 21:47:00,4.6,RETURNED
2,2,DTDC,,,,3.88,PROCESSING
3,3,DTDC,2026-03-21 18:27:00,2026-03-25,2026-03-25 04:27:00,6.81,DELIVERED
4,4,Delhivery,2026-04-12 08:26:00,2026-04-18,2026-04-18 12:26:00,2.48,DELIVERED
5,5,DTDC,2026-04-21 17:45:00,2026-04-26,2026-04-27 02:45:00,3.62,DELIVERED
6,6,BlueDart,2026-02-11 19:56:00,2026-02-15,2026-02-17 20:56:00,3.91,DELIVERED
7,7,Delhivery,2026-02-20 14:38:00,2026-02-25,2026-02-23 20:38:00,3.98,DELIVERED
8,8,BlueDart,2026-03-01 20:25:00,2026-03-07,2026-03-06 23:25:00,4.57,DELIVERED
9,9,Delhivery,2026-03-16 20:51:00,2026-03-20,2026-03-21 06:51:00,2.63,DELIVERED
10,10,DTDC,2026-04-22 13:11:00,2026-04-27,2026-04-28 23:11:00,6.83,DELIVERED
11,11,Ecom Express,2026-02-24 16:06:00,2026-03-02,2026-03-02 02:06:00,2.92,DELIVERED
12,12,Delhivery,2026-03-08 19:49:00,2026-03-13,2026-03-14 03:49:00,2.09,DELIVERED
13,13,BlueDart,2026-03-31 20:18:00,2026-04-05,2026-04-07 23:18:00,5.55,DELIVERED
14,14,Ecom Express,2026-05-02 20:17:00,2026-05-05,2026-05-06 05:17:00,6.27,DELIVERED
15,15,DTDC,2026-02-27 11:47:00,2026-03-05,2026-03-03 23:47:00,6.06,DELIVERED
16,16,DTDC,2026-03-17 15:51:00,2026-03-22,2026-03-23 01:51:00,2.32,RETURNED
17,17,Delhivery,2026-06-20 13:24:00,2026-06-25,2026-06-23 17:24:00,4.41,DELIVERED
18,18,Ecom Express,2026-01-18 19:49:00,2026-01-21,2026-01-24 22:49:00,4.74,DELIVERED
19,19,Ecom Express,2026-02-14 22:33:00,2026-02-17,2026-02-21 02:33:00,3.35,DELIVERED
20,20,DTDC,2026-03-14 11:21:00,2026-03-18,2026-03-16 14:21:00,5.46,DELIVERED
21,21,Delhivery,2026-05-14 13:15:00,2026-05-20,2026-05-18 14:15:00,2.64,DELIVERED
22,22,DTDC,2026-05-23 14:15:00,2026-05-26,2026-05-27 23:15:00,6.31,DELIVERED
23,23,DTDC,2026-02-24 15:54:00,2026-02-27,2026-02-27 20:54:00,5.42,RETURNED
24,24,BlueDart,2026-03-16 09:22:00,2026-03-19,2026-03-24 20:22:00,3.3,DELIVERED
25,25,DTDC,2026-04-10 16:23:00,2026-04-13,2026-04-15 04:23:00,2.16,DELIVERED
26,26,Delhivery,2026-05-23 16:17:00,2026-05-29,2026-05-31 02:17:00,6.46,DELIVERED
27,27,Ecom Express,2026-06-02 19:24:00,2026-06-08,2026-06-08 05:24:00,5.81,DELIVERED
28,28,Ecom Express,2026-02-24 16:18:00,2026-02-27,2026-03-01 02:18:00,3.49,DELIVERED
29,29,Delhivery,2026-03-12 15:12:00,2026-03-16,2026-03-14 22:12:00,3.43,DELIVERED
30,30,BlueDart,2026-05-03 10:05:00,2026-05-06,2026-05-08 17:05:00,2.88,DELIVERED
31,31,Ecom Express,2026-05-29 22:59:00,2026-06-01,2026-06-03 02:59:00,2.9,DELIVERED
32,32,BlueDart,2026-04-10 16:51:00,2026-04-15,2026-04-17 17:51:00,3.86,DELIVERED
33,33,Ecom Express,2026-05-04 19:34:00,2026-05-09,2026-05-07 00:34:00,6.94,DELIVERED
34,34,BlueDart,2026-06-01 18:56:00,2026-06-05,2026-06-07 19:56:00,2.82,DELIVERED
35,35,BlueDart,2026-06-24 08:10:00,2026-06-28,2026-06-26 18:10:00,4.99,DELIVERED
36,36,Delhivery,2026-04-11 17:55:00,2026-04-14,2026-04-16 22:55:00,6.12,DELIVERED
37,37,Delhivery,2026-04-29 20:11:00,2026-05-04,2026-05-03 08:11:00,5.43,DELIVERED
38,38,Delhivery,2026-06-07 19:37:00,2026-06-10,2026-06-11 23:37:00,3.83,DELIVERED
39,39,Ecom Express,2026-06-19 13:56:00,2026-06-23,2026-06-23 22:56:00,4.1,DELIVERED
40,40,DTDC,2026-01-29 08:19:00,2026-02-01,2026-02-02 20:19:00,5.99,DELIVERED
41,41,DTDC,2026-02-25 13:16:00,2026-03-03,2026-03-02 01:16:00,2.37,DELIVERED
42,42,Ecom Express,2026-03-21 20:20:00,2026-03-25,2026-03-27 05:20:00,2.88,DELIVERED
43,43,DTDC,,,,4.86,PROCESSING
44,44,BlueDart,,,,0.0,CANCELLED
45,45,Ecom Express,2026-05-31 22:41:00,2026-06-04,2026-06-08 02:41:00,2.95,DELIVERED
46,46,BlueDart,2026-06-09 11:48:00,2026-06-14,2026-06-15 17:48:00,3.06,DELIVERED
47,47,Delhivery,2026-06-22 18:46:00,2026-06-25,2026-06-28 21:46:00,2.24,DELIVERED
48,48,DTDC,,,,0.0,CANCELLED
49,49,BlueDart,2026-04-07 18:35:00,2026-04-13,2026-04-13 02:35:00,6.79,DELIVERED
50,50,Delhivery,2026-06-19 22:24:00,2026-06-23,2026-06-23 03:24:00,6.12,DELIVERED
51,51,Ecom Express,2026-04-23 20:38:00,2026-04-29,2026-05-01 05:38:00,2.11,DELIVERED
52,52,Ecom Express,2026-05-04 18:57:00,2026-05-07,2026-05-08 01:57:00,6.91,DELIVERED
53,53,Delhivery,2026-04-15 10:47:00,2026-04-21,2026-04-20 13:47:00,3.92,DELIVERED
54,54,Ecom Express,2026-05-06 17:53:00,2026-05-12,2026-05-10 20:53:00,5.46,DELIVERED
55,55,DTDC,2026-05-31 11:56:00,2026-06-06,2026-06-06 22:56:00,3.77,DELIVERED
56,56,Ecom Express,,,,0.0,CANCELLED
57,57,Ecom Express,2026-05-14 22:24:00,2026-05-19,2026-05-20 06:24:00,6.67,DELIVERED
58,58,Delhivery,2026-06-17 11:07:00,2026-06-22,2026-06-21 17:07:00,5.93,DELIVERED
59,59,Delhivery,2026-02-22 11:08:00,2026-02-28,2026-02-27 17:08:00,4.83,DELIVERED
60,60,Ecom Express,2026-03-24 18:21:00,2026-03-28,2026-04-01 22:21:00,2.64,DELIVERED
61,61,Delhivery,2026-03-25 09:41:00,2026-03-28,2026-03-31 20:41:00,5.1,DELIVERED
62,62,Delhivery,2026-05-02 13:48:00,2026-05-07,2026-05-05 18:48:00,5.19,DELIVERED
63,63,Delhivery,2026-06-12 08:06:00,2026-06-16,2026-06-18 15:06:00,5.98,DELIVERED
64,64,Ecom Express,,,,0.0,CANCELLED
65,65,BlueDart,2026-04-15 11:22:00,2026-04-19,2026-04-19 21:22:00,6.24,DELIVERED
66,66,DTDC,2026-02-22 17:44:00,2026-02-26,2026-03-02 03:44:00,5.83,DELIVERED
67,67,Ecom Express,2026-06-16 20:24:00,2026-06-22,2026-06-20 06:24:00,2.24,DELIVERED
68,68,Ecom Express,2026-02-05 15:51:00,2026-02-11,2026-02-10 03:51:00,3.77,DELIVERED
69,69,Delhivery,2026-04-03 14:03:00,2026-04-06,2026-04-07 15:03:00,5.35,DELIVERED
70,70,BlueDart,2026-04-15 13:45:00,2026-04-20,2026-04-18 18:45:00,6.69,DELIVERED
71,71,BlueDart,2026-04-29 20:46:00,2026-05-02,2026-05-02 08:46:00,3.84,DELIVERED
72,72,Delhivery,2026-01-22 10:02:00,2026-01-27,2026-01-26 13:02:00,2.43,DELIVERED
73,73,Ecom Express,2026-01-30 12:38:00,2026-02-03,2026-02-01 16:38:00,3.08,DELIVERED
74,74,Delhivery,2026-05-31 16:41:00,2026-06-05,2026-06-05 00:41:00,6.47,DELIVERED
75,75,BlueDart,2026-02-14 14:52:00,2026-02-17,2026-02-20 01:52:00,2.23,DELIVERED
76,76,BlueDart,2026-03-01 10:34:00,2026-03-05,2026-03-06 20:34:00,4.56,RETURNED
77,77,Ecom Express,2026-03-26 16:02:00,2026-03-29,2026-03-31 04:02:00,3.17,DELIVERED
78,78,DTDC,2026-03-28 17:52:00,2026-04-01,2026-04-04 22:52:00,4.53,DELIVERED
79,79,Delhivery,2026-04-15 14:50:00,2026-04-21,2026-04-20 22:50:00,2.6,DELIVERED
80,80,Delhivery,2026-05-27 16:58:00,2026-05-31,2026-06-03 21:58:00,5.74,DELIVERED
81,81,BlueDart,2026-06-09 21:58:00,2026-06-13,2026-06-15 06:58:00,2.54,DELIVERED
82,82,DTDC,2026-06-20 14:29:00,2026-06-26,2026-06-22 17:29:00,2.8,DELIVERED
83,83,Ecom Express,2026-02-25 21:19:00,2026-03-02,2026-03-03 02:19:00,3.44,DELIVERED
84,84,DTDC,2026-03-19 19:39:00,2026-03-24,2026-03-23 02:39:00,2.83,DELIVERED
85,85,DTDC,2026-04-11 10:26:00,2026-04-17,2026-04-15 20:26:00,5.06,RETURNED
86,86,BlueDart,,,,0.0,CANCELLED
87,87,Ecom Express,,,,5.9,PROCESSING
88,88,DTDC,2026-04-03 20:38:00,2026-04-09,2026-04-06 21:38:00,6.97,DELIVERED
89,89,DTDC,,,,2.6,PROCESSING
90,90,Delhivery,2026-01-12 12:11:00,2026-01-17,2026-01-17 21:11:00,6.09,DELIVERED
91,91,DTDC,,,,3.56,PROCESSING
92,92,Delhivery,2026-05-09 10:43:00,2026-05-15,2026-05-15 12:43:00,6.85,DELIVERED
93,93,DTDC,2026-06-17 15:38:00,2026-06-20,2026-06-23 03:38:00,5.19,DELIVERED
94,94,Delhivery,2026-06-28 16:29:00,2026-07-03,2026-07-04 04:29:00,2.81,DELIVERED
95,95,DTDC,,,,0.0,CANCELLED
96,96,DTDC,2026-02-27 17:14:00,2026-03-02,2026-03-04 05:14:00,5.18,RETURNED
97,97,Delhivery,2026-06-21 18:59:00,2026-06-24,2026-06-25 21:59:00,6.44,DELIVERED
98,98,Ecom Express,2026-04-08 17:59:00,2026-04-13,2026-04-12 05:59:00,5.22,DELIVERED
99,99,DTDC,2026-04-14 15:08:00,2026-04-17,2026-04-21 17:08:00,6.57,DELIVERED
100,100,Delhivery,2026-03-24 18:48:00,2026-03-28,2026-03-28 20:48:00,6.14,RETURNED
101,101,DTDC,2026-02-17 09:31:00,2026-02-22,2026-02-22 19:31:00,3.93,DELIVERED
102,102,Ecom Express,2026-02-01 21:38:00,2026-02-06,2026-02-06 23:38:00,2.61,DELIVERED
103,103,Ecom Express,2026-02-14 19:08:00,2026-02-19,2026-02-17 06:08:00,4.28,DELIVERED
104,104,Delhivery,2026-06-13 16:48:00,2026-06-17,2026-06-17 03:48:00,3.34,DELIVERED
105,105,DTDC,2026-02-24 18:25:00,2026-03-01,2026-03-01 21:25:00,3.4,DELIVERED
106,106,BlueDart,2026-03-12 12:06:00,2026-03-15,2026-03-15 14:06:00,3.6,DELIVERED
107,107,Delhivery,2026-05-20 20:15:00,2026-05-25,2026-05-28 02:15:00,2.37,DELIVERED
108,108,BlueDart,2026-06-20 19:07:00,2026-06-26,2026-06-24 01:07:00,5.4,DELIVERED
109,109,Delhivery,2026-06-28 17:01:00,2026-07-04,2026-07-03 03:01:00,4.56,RETURNED
110,110,Delhivery,2026-04-21 22:31:00,2026-04-25,2026-04-25 02:31:00,5.39,DELIVERED
111,111,Delhivery,2026-05-12 14:33:00,2026-05-18,2026-05-18 02:33:00,4.47,DELIVERED
112,112,Ecom Express,2026-04-19 19:00:00,2026-04-25,2026-04-24 03:00:00,6.98,DELIVERED
113,113,Delhivery,2026-05-29 14:52:00,2026-06-04,2026-06-04 19:52:00,2.98,DELIVERED
114,114,Delhivery,,,,0.0,CANCELLED
115,115,Ecom Express,2026-05-05 17:09:00,2026-05-10,2026-05-10 18:09:00,2.41,DELIVERED
116,116,Delhivery,,,,0.0,CANCELLED
117,117,BlueDart,2026-05-30 10:01:00,2026-06-02,2026-06-02 20:01:00,4.5,DELIVERED
118,118,Ecom Express,2026-01-27 20:29:00,2026-01-30,2026-02-01 04:29:00,4.09,DELIVERED
119,119,DTDC,2026-01-31 17:19:00,2026-02-03,2026-02-06 00:19:00,5.72,DELIVERED
120,120,BlueDart,,,,0.0,CANCELLED
121,121,BlueDart,2026-04-14 10:24:00,2026-04-19,2026-04-22 21:24:00,5.93,DELIVERED
122,122,BlueDart,2026-05-15 22:45:00,2026-05-19,2026-05-22 06:45:00,6.98,DELIVERED
123,123,BlueDart,2026-06-12 19:38:00,2026-06-15,2026-06-16 23:38:00,5.51,DELIVERED
124,124,BlueDart,2026-06-29 14:49:00,2026-07-05,2026-07-01 22:49:00,5.98,DELIVERED
125,125,Ecom Express,2026-06-10 17:45:00,2026-06-13,2026-06-14 22:45:00,4.56,DELIVERED
126,126,Ecom Express,2026-04-03 22:19:00,2026-04-08,2026-04-09 01:19:00,2.27,DELIVERED
127,127,Delhivery,2026-05-20 19:51:00,2026-05-25,2026-05-26 07:51:00,6.05,DELIVERED
128,128,Delhivery,2026-06-09 19:01:00,2026-06-15,2026-06-13 03:01:00,3.07,DELIVERED
129,129,BlueDart,2026-03-19 11:25:00,2026-03-22,2026-03-23 22:25:00,3.48,DELIVERED
130,130,Ecom Express,2026-06-25 09:17:00,2026-06-28,2026-06-30 19:17:00,6.76,DELIVERED
131,131,BlueDart,2026-03-05 12:26:00,2026-03-11,2026-03-11 20:26:00,3.57,DELIVERED
132,132,BlueDart,2026-04-07 20:29:00,2026-04-12,2026-04-13 01:29:00,5.11,DELIVERED
133,133,Delhivery,2026-05-13 10:08:00,2026-05-19,2026-05-15 11:08:00,2.36,DELIVERED
134,134,Ecom Express,2026-05-30 16:56:00,2026-06-04,2026-06-03 04:56:00,4.93,DELIVERED
135,135,BlueDart,2026-06-12 08:38:00,2026-06-17,2026-06-16 18:38:00,6.38,DELIVERED
136,136,Delhivery,2026-05-10 08:45:00,2026-05-14,2026-05-12 13:45:00,6.77,DELIVERED
137,137,BlueDart,2026-07-01 22:05:00,2026-07-07,2026-07-06 02:05:00,4.89,RETURNED
138,138,BlueDart,2026-06-29 14:21:00,2026-07-03,2026-07-02 15:21:00,3.64,DELIVERED
139,139,DTDC,2026-04-10 10:06:00,2026-04-16,2026-04-12 11:06:00,5.95,DELIVERED
140,140,Delhivery,2026-06-28 10:06:00,2026-07-01,2026-07-02 18:06:00,6.0,DELIVERED
141,141,Delhivery,2026-04-09 13:27:00,2026-04-13,2026-04-15 14:27:00,2.02,DELIVERED
142,142,DTDC,2026-06-20 17:32:00,2026-06-24,2026-06-25 04:32:00,6.05,DELIVERED
143,143,Delhivery,2026-06-15 10:47:00,2026-06-20,2026-06-20 20:47:00,3.1,RETURNED
144,144,Delhivery,2026-06-24 14:32:00,2026-06-27,2026-06-28 23:32:00,4.95,DELIVERED
145,145,Ecom Express,2026-01-07 17:05:00,2026-01-11,2026-01-14 05:05:00,5.58,DELIVERED
146,146,DTDC,2026-01-27 19:22:00,2026-01-30,2026-02-01 07:22:00,5.04,DELIVERED
147,147,DTDC,2026-02-15 18:22:00,2026-02-20,2026-02-19 22:22:00,3.69,DELIVERED
148,148,Ecom Express,2026-02-14 13:36:00,2026-02-20,2026-02-21 23:36:00,5.07,RETURNED
149,149,Ecom Express,2026-06-27 21:21:00,2026-06-30,2026-07-03 07:21:00,3.94,RETURNED
150,150,DTDC,2026-05-17 15:21:00,2026-05-22,2026-05-23 00:21:00,6.3,DELIVERED
151,151,BlueDart,2026-06-27 10:55:00,2026-07-02,2026-07-03 19:55:00,3.98,DELIVERED
152,152,Ecom Express,2026-05-30 22:54:00,2026-06-03,2026-06-04 09:54:00,3.22,DELIVERED
153,153,Ecom Express,2026-06-26 19:03:00,2026-06-30,2026-06-30 01:03:00,2.73,DELIVERED
154,154,Delhivery,2026-06-22 10:41:00,2026-06-28,2026-06-26 15:41:00,2.24,DELIVERED
155,155,BlueDart,,,,0.0,CANCELLED
156,156,BlueDart,2026-03-31 20:06:00,2026-04-06,2026-04-04 01:06:00,6.52,DELIVERED
157,157,Delhivery,2026-01-14 12:47:00,2026-01-20,2026-01-18 21:47:00,4.37,DELIVERED
158,158,DTDC,2026-05-28 09:16:00,2026-05-31,2026-05-31 15:16:00,5.46,DELIVERED
159,159,DTDC,2026-05-16 14:30:00,2026-05-22,2026-05-19 17:30:00,4.38,DELIVERED
160,160,DTDC,,,,0.0,CANCELLED
161,161,Ecom Express,2026-07-01 17:55:00,2026-07-05,2026-07-03 18:55:00,5.45,DELIVERED
162,162,Delhivery,2026-06-16 14:46:00,2026-06-19,2026-06-21 23:46:00,2.55,DELIVERED
163,163,DTDC,2026-06-27 12:53:00,2026-07-02,2026-06-29 15:53:00,2.78,DELIVERED
164,164,BlueDart,2026-06-05 20:11:00,2026-06-11,2026-06-11 05:11:00,5.46,DELIVERED
165,165,Ecom Express,2026-06-23 10:49:00,2026-06-29,2026-06-28 17:49:00,2.11,DELIVERED
166,166,Delhivery,2026-06-11 20:25:00,2026-06-16,2026-06-15 01:25:00,4.85,DELIVERED
167,167,BlueDart,2026-04-13 10:12:00,2026-04-16,2026-04-18 22:12:00,4.62,DELIVERED
168,168,DTDC,2026-05-14 13:12:00,2026-05-20,2026-05-18 23:12:00,5.76,DELIVERED
169,169,Ecom Express,2026-06-21 20:09:00,2026-06-25,2026-06-24 02:09:00,2.62,DELIVERED
170,170,Ecom Express,2026-03-18 18:26:00,2026-03-24,2026-03-22 23:26:00,5.98,DELIVERED
171,171,DTDC,2026-01-20 13:58:00,2026-01-25,2026-01-26 17:58:00,5.4,DELIVERED
172,172,Ecom Express,,,,0.0,CANCELLED
173,173,DTDC,2026-01-17 08:51:00,2026-01-23,2026-01-21 12:51:00,3.4,DELIVERED
174,174,BlueDart,2026-03-11 18:18:00,2026-03-17,2026-03-18 02:18:00,3.5,DELIVERED
175,175,BlueDart,2026-07-01 17:08:00,2026-07-06,2026-07-05 21:08:00,2.91,DELIVERED
176,176,Delhivery,2026-04-18 11:45:00,2026-04-22,2026-04-23 14:45:00,3.35,DELIVERED
177,177,DTDC,2026-04-30 09:40:00,2026-05-05,2026-05-05 13:40:00,5.92,RETURNED
178,178,DTDC,,,,5.25,PROCESSING
179,179,Delhivery,2026-07-01 19:19:00,2026-07-07,2026-07-08 03:19:00,4.11,DELIVERED
180,180,Ecom Express,2026-01-25 22:28:00,2026-01-30,2026-02-01 07:28:00,4.22,DELIVERED
181,181,Ecom Express,2026-06-28 12:25:00,2026-07-03,2026-07-03 15:25:00,3.88,DELIVERED
182,182,DTDC,2026-02-10 13:44:00,2026-02-13,2026-02-12 15:44:00,2.95,DELIVERED
183,183,Delhivery,2026-02-27 11:10:00,2026-03-03,2026-03-05 12:10:00,4.47,DELIVERED
184,184,Delhivery,2026-05-11 13:55:00,2026-05-16,2026-05-16 01:55:00,6.37,DELIVERED
185,185,Delhivery,2026-05-30 12:23:00,2026-06-04,2026-06-02 21:23:00,5.72,DELIVERED
186,186,Delhivery,2026-03-06 08:16:00,2026-03-11,2026-03-11 10:16:00,4.8,RETURNED
187,187,DTDC,2026-04-09 22:39:00,2026-04-15,2026-04-16 05:39:00,4.02,DELIVERED
188,188,BlueDart,2026-05-05 15:04:00,2026-05-08,2026-05-10 00:04:00,6.72,DELIVERED
189,189,BlueDart,2026-06-08 14:24:00,2026-06-14,2026-06-12 16:24:00,2.44,DELIVERED
190,190,Delhivery,,,,0.0,CANCELLED
191,191,DTDC,2026-02-08 20:49:00,2026-02-14,2026-02-13 05:49:00,3.25,DELIVERED
192,192,Delhivery,2026-02-17 15:38:00,2026-02-21,2026-02-24 16:38:00,3.65,DELIVERED
193,193,DTDC,2026-03-01 20:41:00,2026-03-04,2026-03-06 06:41:00,5.49,DELIVERED
194,194,Delhivery,2026-04-03 12:00:00,2026-04-07,2026-04-07 00:00:00,4.66,DELIVERED
195,195,Ecom Express,2026-06-28 10:44:00,2026-07-04,2026-07-01 21:44:00,3.81,DELIVERED
196,196,Ecom Express,2026-02-01 16:49:00,2026-02-07,2026-02-05 17:49:00,3.91,DELIVERED
197,197,DTDC,2026-02-09 15:15:00,2026-02-14,2026-02-12 21:15:00,5.88,DELIVERED
198,198,DTDC,,,,0.0,CANCELLED
199,199,Ecom Express,2026-04-18 20:07:00,2026-04-21,2026-04-24 02:07:00,6.01,DELIVERED
200,200,Delhivery,2026-05-10 20:29:00,2026-05-13,2026-05-17 22:29:00,4.65,RETURNED
201,201,Delhivery,2026-05-19 12:44:00,2026-05-23,2026-05-22 13:44:00,6.21,DELIVERED
202,202,BlueDart,2026-06-26 11:27:00,2026-07-01,2026-07-01 18:27:00,4.59,DELIVERED
203,203,DTDC,2026-06-13 11:13:00,2026-06-19,2026-06-18 22:13:00,3.11,DELIVERED
204,204,Delhivery,,,,0.0,CANCELLED
205,205,Delhivery,2026-04-28 17:27:00,2026-05-02,2026-05-04 03:27:00,3.62,DELIVERED
206,206,DTDC,2026-05-11 11:24:00,2026-05-16,2026-05-13 23:24:00,5.88,DELIVERED
207,207,BlueDart,2026-06-05 18:10:00,2026-06-08,2026-06-09 23:10:00,3.2,DELIVERED
208,208,Delhivery,2026-02-05 10:50:00,2026-02-10,2026-02-08 14:50:00,2.77,DELIVERED
209,209,Delhivery,2026-02-14 19:11:00,2026-02-19,2026-02-19 20:11:00,6.63,DELIVERED
210,210,Ecom Express,2026-04-10 21:54:00,2026-04-13,2026-04-14 00:54:00,6.28,DELIVERED
211,211,BlueDart,2026-07-01 19:21:00,2026-07-04,2026-07-06 22:21:00,6.89,RETURNED
212,212,BlueDart,2026-05-03 22:35:00,2026-05-08,2026-05-09 01:35:00,4.45,DELIVERED
213,213,BlueDart,2026-02-24 22:30:00,2026-02-28,2026-03-01 23:30:00,6.05,DELIVERED
214,214,Delhivery,2026-05-15 12:55:00,2026-05-18,2026-05-18 19:55:00,5.62,DELIVERED
215,215,BlueDart,2026-06-18 20:33:00,2026-06-23,2026-06-24 02:33:00,3.5,DELIVERED
216,216,DTDC,2026-03-20 15:21:00,2026-03-24,2026-03-27 02:21:00,6.56,DELIVERED
217,217,BlueDart,2026-03-25 18:13:00,2026-03-29,2026-03-29 20:13:00,3.7,DELIVERED
218,218,Delhivery,2026-04-04 15:30:00,2026-04-07,2026-04-08 20:30:00,6.58,DELIVERED
219,219,Ecom Express,2026-05-05 22:34:00,2026-05-11,2026-05-09 05:34:00,6.28,DELIVERED
220,220,BlueDart,2026-06-05 10:51:00,2026-06-10,2026-06-08 12:51:00,6.32,DELIVERED
221,221,Ecom Express,2026-05-29 09:05:00,2026-06-01,2026-06-04 15:05:00,2.07,DELIVERED
222,222,BlueDart,2026-06-24 12:53:00,2026-06-29,2026-06-28 15:53:00,4.47,DELIVERED
223,223,Delhivery,2026-05-06 16:42:00,2026-05-12,2026-05-13 01:42:00,5.49,DELIVERED
224,224,DTDC,2026-06-06 10:36:00,2026-06-11,2026-06-12 19:36:00,2.39,DELIVERED
225,225,Delhivery,2026-02-18 19:02:00,2026-02-24,2026-02-23 03:02:00,5.65,DELIVERED
226,226,Ecom Express,2026-02-28 08:24:00,2026-03-05,2026-03-04 13:24:00,4.38,DELIVERED
227,227,Ecom Express,2026-03-17 18:01:00,2026-03-23,2026-03-23 19:01:00,2.82,DELIVERED
228,228,Delhivery,2026-04-29 11:27:00,2026-05-03,2026-05-04 13:27:00,2.43,DELIVERED
229,229,Delhivery,2026-05-14 21:15:00,2026-05-17,2026-05-17 08:15:00,3.81,DELIVERED
230,230,Delhivery,2026-01-27 11:27:00,2026-02-01,2026-02-01 20:27:00,5.18,DELIVERED
231,231,BlueDart,2026-02-13 08:36:00,2026-02-17,2026-02-17 10:36:00,2.25,DELIVERED
232,232,Ecom Express,2026-06-15 11:53:00,2026-06-20,2026-06-19 13:53:00,4.5,DELIVERED
233,233,BlueDart,2026-04-03 19:42:00,2026-04-07,2026-04-12 06:42:00,6.28,DELIVERED
234,234,Delhivery,2026-03-08 13:54:00,2026-03-13,2026-03-12 17:54:00,3.82,DELIVERED
235,235,DTDC,2026-04-03 18:44:00,2026-04-06,2026-04-08 04:44:00,4.18,DELIVERED
236,236,DTDC,2026-04-20 19:24:00,2026-04-25,2026-04-25 23:24:00,3.37,DELIVERED
237,237,DTDC,2026-05-30 09:39:00,2026-06-04,2026-06-06 21:39:00,3.19,DELIVERED
238,238,BlueDart,2026-06-29 12:40:00,2026-07-02,2026-07-03 21:40:00,2.28,DELIVERED
239,239,DTDC,2026-06-28 15:55:00,2026-07-02,2026-07-03 03:55:00,5.79,RETURNED
240,240,Ecom Express,2026-03-22 17:48:00,2026-03-26,2026-03-25 23:48:00,6.4,DELIVERED
241,241,DTDC,2026-04-30 14:37:00,2026-05-06,2026-05-04 18:37:00,4.34,DELIVERED
242,242,BlueDart,2026-05-25 18:35:00,2026-05-29,2026-06-02 03:35:00,4.56,DELIVERED
243,243,DTDC,2026-06-27 10:11:00,2026-07-02,2026-07-02 22:11:00,6.64,DELIVERED
244,244,BlueDart,2026-02-07 10:45:00,2026-02-10,2026-02-11 11:45:00,3.38,DELIVERED
245,245,Delhivery,2026-03-02 09:04:00,2026-03-06,2026-03-08 18:04:00,6.57,DELIVERED
246,246,Delhivery,2026-04-08 11:58:00,2026-04-12,2026-04-10 17:58:00,2.66,DELIVERED
247,247,DTDC,2026-05-18 16:38:00,2026-05-22,2026-05-20 18:38:00,5.77,DELIVERED
248,248,Delhivery,2026-06-08 18:32:00,2026-06-13,2026-06-12 02:32:00,3.03,DELIVERED
249,249,BlueDart,2026-06-18 21:04:00,2026-06-22,2026-06-26 07:04:00,3.67,DELIVERED
250,250,Ecom Express,2026-06-05 20:33:00,2026-06-10,2026-06-09 05:33:00,5.71,DELIVERED
251,251,Ecom Express,2026-02-03 17:12:00,2026-02-09,2026-02-09 03:12:00,4.2,DELIVERED
252,252,BlueDart,2026-02-23 08:48:00,2026-03-01,2026-02-26 11:48:00,6.48,DELIVERED
253,253,BlueDart,,,,3.84,PROCESSING
254,254,DTDC,2026-03-10 10:53:00,2026-03-16,2026-03-13 18:53:00,3.56,DELIVERED
255,255,Ecom Express,2026-06-02 14:31:00,2026-06-06,2026-06-08 20:31:00,5.15,DELIVERED
256,256,DTDC,2026-04-05 17:09:00,2026-04-08,2026-04-13 20:09:00,6.13,DELIVERED
257,257,Delhivery,2026-06-23 14:42:00,2026-06-28,2026-06-27 18:42:00,2.4,DELIVERED
258,258,BlueDart,2026-04-21 08:35:00,2026-04-27,2026-04-24 16:35:00,4.81,DELIVERED
259,259,BlueDart,2026-05-18 16:06:00,2026-05-22,2026-05-20 18:06:00,2.17,DELIVERED
260,260,BlueDart,2026-06-22 19:37:00,2026-06-25,2026-06-30 04:37:00,6.1,DELIVERED
261,261,Delhivery,2026-05-22 15:15:00,2026-05-25,2026-05-25 16:15:00,4.62,DELIVERED
262,262,BlueDart,2026-03-08 18:39:00,2026-03-12,2026-03-15 22:39:00,6.17,DELIVERED
263,263,BlueDart,2026-04-14 15:41:00,2026-04-19,2026-04-16 19:41:00,6.49,DELIVERED
264,264,Delhivery,2026-01-13 12:49:00,2026-01-17,2026-01-18 16:49:00,3.02,DELIVERED
265,265,Ecom Express,2026-01-21 20:12:00,2026-01-25,2026-01-26 03:12:00,2.32,DELIVERED
266,266,Delhivery,2026-02-27 14:00:00,2026-03-05,2026-03-03 01:00:00,4.36,DELIVERED
267,267,Delhivery,2026-04-26 22:15:00,2026-04-29,2026-04-29 09:15:00,3.2,DELIVERED
268,268,DTDC,2026-05-21 16:22:00,2026-05-27,2026-05-26 18:22:00,4.19,DELIVERED
269,269,Delhivery,2026-06-30 19:37:00,2026-07-06,2026-07-03 05:37:00,6.92,DELIVERED
270,270,Delhivery,2026-02-25 13:18:00,2026-03-01,2026-03-01 16:18:00,3.66,DELIVERED
271,271,Ecom Express,2026-04-05 14:27:00,2026-04-09,2026-04-11 20:27:00,3.78,DELIVERED
272,272,DTDC,2026-04-25 10:54:00,2026-04-28,2026-04-29 18:54:00,6.31,DELIVERED
273,273,BlueDart,2026-04-25 18:02:00,2026-05-01,2026-04-30 22:02:00,5.68,DELIVERED
274,274,DTDC,2026-06-01 20:07:00,2026-06-05,2026-06-04 06:07:00,3.59,DELIVERED
275,275,Delhivery,2026-05-24 17:40:00,2026-05-30,2026-05-26 19:40:00,5.92,DELIVERED
276,276,BlueDart,2026-05-10 12:11:00,2026-05-15,2026-05-13 13:11:00,2.67,DELIVERED
277,277,BlueDart,2026-06-09 10:57:00,2026-06-15,2026-06-15 15:57:00,3.98,DELIVERED
278,278,Delhivery,2026-03-01 17:47:00,2026-03-05,2026-03-08 00:47:00,5.77,DELIVERED
279,279,Ecom Express,2026-04-02 12:17:00,2026-04-08,2026-04-04 15:17:00,4.53,DELIVERED
280,280,DTDC,2026-04-06 19:24:00,2026-04-11,2026-04-11 23:24:00,5.91,DELIVERED
281,281,Ecom Express,2026-05-06 15:18:00,2026-05-12,2026-05-13 19:18:00,5.22,DELIVERED
282,282,DTDC,,,,0.0,CANCELLED
283,283,DTDC,,,,0.0,CANCELLED
284,284,DTDC,2026-03-31 21:37:00,2026-04-06,2026-04-05 05:37:00,2.28,DELIVERED
285,285,DTDC,2026-05-30 16:54:00,2026-06-03,2026-06-04 17:54:00,3.91,DELIVERED
286,286,DTDC,2026-06-19 16:18:00,2026-06-22,2026-06-22 20:18:00,3.42,DELIVERED
287,287,BlueDart,2026-03-28 10:48:00,2026-04-03,2026-04-04 22:48:00,4.54,DELIVERED
288,288,Ecom Express,2026-04-27 19:44:00,2026-05-02,2026-05-02 23:44:00,3.47,DELIVERED
289,289,Delhivery,2026-05-30 10:41:00,2026-06-03,2026-06-03 22:41:00,3.56,DELIVERED
290,290,Delhivery,2026-01-31 18:35:00,2026-02-04,2026-02-08 21:35:00,4.82,DELIVERED
291,291,Delhivery,2026-02-24 19:32:00,2026-03-01,2026-03-04 01:32:00,6.21,DELIVERED
292,292,BlueDart,2026-04-04 16:34:00,2026-04-10,2026-04-09 03:34:00,3.61,DELIVERED
293,293,BlueDart,2026-05-13 09:22:00,2026-05-18,2026-05-18 17:22:00,4.09,DELIVERED
294,294,Ecom Express,2026-02-11 20:51:00,2026-02-17,2026-02-19 21:51:00,4.66,DELIVERED
295,295,Ecom Express,2026-06-05 18:07:00,2026-06-08,2026-06-12 00:07:00,5.53,RETURNED
296,296,Delhivery,2026-03-17 12:03:00,2026-03-22,2026-03-23 20:03:00,2.66,DELIVERED
297,297,Delhivery,2026-03-23 15:06:00,2026-03-29,2026-03-30 20:06:00,2.75,DELIVERED
298,298,BlueDart,2026-04-02 11:38:00,2026-04-08,2026-04-07 19:38:00,3.47,DELIVERED
299,299,Delhivery,2026-02-27 14:26:00,2026-03-04,2026-03-03 00:26:00,3.7,DELIVERED
300,300,DTDC,,,,0.0,CANCELLED
301,301,BlueDart,2026-04-19 10:28:00,2026-04-25,2026-04-23 20:28:00,3.27,DELIVERED
302,302,Delhivery,,,,0.0,CANCELLED
303,303,Delhivery,2026-05-26 18:14:00,2026-05-29,2026-05-31 02:14:00,6.75,DELIVERED
304,304,Delhivery,2026-02-06 17:07:00,2026-02-09,2026-02-14 02:07:00,6.33,DELIVERED
305,305,BlueDart,2026-02-21 15:17:00,2026-02-27,2026-02-26 00:17:00,3.07,DELIVERED
306,306,Delhivery,2026-03-26 19:37:00,2026-03-29,2026-03-30 20:37:00,5.31,DELIVERED
307,307,Delhivery,2026-04-08 21:37:00,2026-04-12,2026-04-11 08:37:00,3.67,DELIVERED
308,308,Delhivery,,,,4.84,PROCESSING
309,309,DTDC,2026-05-09 19:10:00,2026-05-13,2026-05-13 05:10:00,2.51,DELIVERED
310,310,Delhivery,2026-06-15 18:50:00,2026-06-18,2026-06-19 20:50:00,2.94,DELIVERED
311,311,Ecom Express,2026-05-27 10:28:00,2026-06-02,2026-06-01 18:28:00,5.28,DELIVERED
312,312,Delhivery,2026-01-09 11:59:00,2026-01-14,2026-01-13 14:59:00,3.81,DELIVERED
313,313,BlueDart,2026-05-09 14:14:00,2026-05-12,2026-05-14 16:14:00,2.28,DELIVERED
314,314,DTDC,2026-06-13 15:00:00,2026-06-17,2026-06-20 21:00:00,2.88,DELIVERED
315,315,Ecom Express,2026-05-21 15:41:00,2026-05-24,2026-05-24 20:41:00,3.14,DELIVERED
316,316,BlueDart,2026-06-21 16:48:00,2026-06-27,2026-06-23 20:48:00,4.08,RETURNED
317,317,DTDC,2026-02-20 22:46:00,2026-02-24,2026-02-26 06:46:00,5.36,DELIVERED
318,318,DTDC,2026-03-27 08:06:00,2026-03-30,2026-04-03 16:06:00,2.83,DELIVERED
319,319,Delhivery,2026-04-10 13:08:00,2026-04-16,2026-04-12 16:08:00,3.12,DELIVERED
320,320,BlueDart,2026-04-27 09:12:00,2026-04-30,2026-05-04 13:12:00,2.96,DELIVERED
321,321,Delhivery,2026-03-12 20:21:00,2026-03-18,2026-03-19 07:21:00,4.0,DELIVERED
322,322,Delhivery,2026-04-13 11:17:00,2026-04-19,2026-04-16 17:17:00,3.63,DELIVERED
323,323,BlueDart,2026-04-21 15:06:00,2026-04-26,2026-04-25 20:06:00,4.19,DELIVERED
324,324,DTDC,2026-05-08 13:59:00,2026-05-13,2026-05-15 16:59:00,3.83,DELIVERED
325,325,BlueDart,2026-06-17 21:24:00,2026-06-23,2026-06-20 06:24:00,5.52,DELIVERED
326,326,DTDC,2026-07-02 14:32:00,2026-07-05,2026-07-06 19:32:00,5.7,DELIVERED
327,327,DTDC,2026-03-07 11:34:00,2026-03-13,2026-03-11 20:34:00,5.88,DELIVERED
328,328,Ecom Express,2026-02-15 08:28:00,2026-02-18,2026-02-22 19:28:00,5.67,RETURNED
329,329,DTDC,2026-03-05 17:17:00,2026-03-10,2026-03-09 23:17:00,4.53,DELIVERED
330,330,BlueDart,2026-03-11 18:07:00,2026-03-16,2026-03-17 03:07:00,2.92,DELIVERED
331,331,Delhivery,2026-06-24 20:09:00,2026-06-28,2026-06-28 05:09:00,2.38,DELIVERED
332,332,DTDC,2026-04-09 22:38:00,2026-04-13,2026-04-13 05:38:00,3.45,DELIVERED
333,333,Ecom Express,2026-02-26 22:16:00,2026-03-03,2026-03-04 04:16:00,5.59,DELIVERED
334,334,Delhivery,,,,3.65,PROCESSING
335,335,DTDC,2026-03-29 10:05:00,2026-04-02,2026-04-04 13:05:00,5.08,DELIVERED
336,336,Delhivery,2026-05-16 11:21:00,2026-05-19,2026-05-21 15:21:00,5.67,DELIVERED
337,337,Ecom Express,2026-06-13 17:55:00,2026-06-16,2026-06-17 20:55:00,3.85,DELIVERED
338,338,DTDC,2026-05-18 17:40:00,2026-05-22,2026-05-23 23:40:00,6.88,DELIVERED
339,339,BlueDart,2026-05-27 22:06:00,2026-06-02,2026-06-02 07:06:00,5.63,DELIVERED
340,340,BlueDart,2026-02-25 14:26:00,2026-03-01,2026-02-27 16:26:00,3.84,DELIVERED
341,341,DTDC,2026-03-25 14:57:00,2026-03-29,2026-03-27 19:57:00,5.39,DELIVERED
342,342,DTDC,2026-04-27 15:39:00,2026-05-03,2026-05-01 22:39:00,5.73,DELIVERED
343,343,Ecom Express,2026-05-08 17:05:00,2026-05-14,2026-05-17 04:05:00,5.86,DELIVERED
344,344,BlueDart,2026-02-11 09:31:00,2026-02-14,2026-02-15 21:31:00,3.2,DELIVERED
345,345,Ecom Express,2026-06-25 20:48:00,2026-06-30,2026-06-29 00:48:00,4.77,DELIVERED
346,346,BlueDart,2026-03-09 19:10:00,2026-03-14,2026-03-16 00:10:00,2.72,DELIVERED
347,347,DTDC,2026-03-16 21:26:00,2026-03-19,2026-03-21 00:26:00,6.19,DELIVERED
348,348,DTDC,2026-05-01 20:43:00,2026-05-04,2026-05-10 05:43:00,6.39,DELIVERED
349,349,DTDC,2026-05-01 10:59:00,2026-05-05,2026-05-07 16:59:00,3.26,DELIVERED
350,350,Ecom Express,2026-05-16 09:06:00,2026-05-21,2026-05-20 14:06:00,6.86,DELIVERED
351,351,BlueDart,2026-05-23 17:32:00,2026-05-28,2026-05-29 20:32:00,2.95,RETURNED
352,352,Ecom Express,2026-06-18 09:52:00,2026-06-24,2026-06-23 16:52:00,3.7,DELIVERED
353,353,Delhivery,2026-03-15 10:37:00,2026-03-20,2026-03-21 17:37:00,4.41,DELIVERED
354,354,DTDC,2026-05-13 17:08:00,2026-05-17,2026-05-16 04:08:00,6.66,DELIVERED
355,355,DTDC,2026-05-12 10:13:00,2026-05-16,2026-05-16 21:13:00,3.39,DELIVERED
356,356,Ecom Express,,,,3.96,PROCESSING
357,357,BlueDart,2026-01-29 14:35:00,2026-02-04,2026-02-05 01:35:00,3.94,DELIVERED
358,358,DTDC,2026-03-01 10:32:00,2026-03-07,2026-03-06 14:32:00,2.27,DELIVERED
359,359,Delhivery,2026-04-30 22:58:00,2026-05-06,2026-05-04 23:58:00,2.6,DELIVERED
360,360,Ecom Express,2026-04-26 10:44:00,2026-04-29,2026-05-03 17:44:00,6.29,DELIVERED
361,361,BlueDart,,,,0.0,CANCELLED
362,362,Delhivery,2026-04-03 18:51:00,2026-04-06,2026-04-06 20:51:00,3.8,DELIVERED
363,363,Ecom Express,2026-06-25 11:29:00,2026-06-28,2026-06-28 18:29:00,6.58,DELIVERED
364,364,Delhivery,2026-01-23 09:26:00,2026-01-26,2026-01-27 16:26:00,5.64,DELIVERED
365,365,DTDC,2026-05-12 09:37:00,2026-05-15,2026-05-16 15:37:00,5.79,DELIVERED
366,366,Delhivery,2026-06-05 21:27:00,2026-06-11,2026-06-08 06:27:00,6.24,DELIVERED
367,367,BlueDart,2026-06-29 17:51:00,2026-07-04,2026-07-04 03:51:00,6.59,DELIVERED
368,368,Ecom Express,2026-04-23 16:27:00,2026-04-28,2026-04-29 23:27:00,2.11,DELIVERED
369,369,Delhivery,2026-05-14 08:24:00,2026-05-17,2026-05-19 13:24:00,4.77,DELIVERED
370,370,Ecom Express,2026-06-26 17:18:00,2026-07-01,2026-07-01 03:18:00,5.0,DELIVERED
371,371,Ecom Express,2026-06-28 22:24:00,2026-07-01,2026-07-03 03:24:00,5.75,DELIVERED
372,372,Ecom Express,2026-06-10 12:27:00,2026-06-16,2026-06-14 18:27:00,5.39,DELIVERED
373,373,Delhivery,2026-02-02 18:39:00,2026-02-06,2026-02-06 02:39:00,2.67,DELIVERED
374,374,DTDC,2026-03-16 16:01:00,2026-03-22,2026-03-22 19:01:00,5.88,DELIVERED
375,375,Delhivery,2026-03-28 18:29:00,2026-03-31,2026-04-01 03:29:00,2.34,DELIVERED
376,376,DTDC,2026-02-15 21:07:00,2026-02-20,2026-02-19 00:07:00,3.5,DELIVERED
377,377,Ecom Express,2026-03-25 09:29:00,2026-03-28,2026-03-28 17:29:00,4.35,DELIVERED
378,378,DTDC,2026-04-02 17:58:00,2026-04-08,2026-04-09 21:58:00,6.05,DELIVERED
379,379,Delhivery,2026-06-02 14:16:00,2026-06-06,2026-06-06 20:16:00,6.41,DELIVERED
380,380,DTDC,2026-03-23 11:45:00,2026-03-29,2026-03-27 17:45:00,3.99,DELIVERED
381,381,Delhivery,,,,0.0,CANCELLED
382,382,BlueDart,,,,0.0,CANCELLED
383,383,Ecom Express,2026-06-16 09:33:00,2026-06-20,2026-06-20 13:33:00,5.76,DELIVERED
384,384,DTDC,2026-04-22 21:41:00,2026-04-26,2026-04-27 05:41:00,5.52,DELIVERED
385,385,Ecom Express,2026-05-27 12:12:00,2026-05-30,2026-06-03 20:12:00,3.51,DELIVERED
386,386,Delhivery,2026-03-15 14:18:00,2026-03-20,2026-03-22 00:18:00,2.46,DELIVERED
387,387,BlueDart,2026-05-05 12:31:00,2026-05-11,2026-05-10 14:31:00,5.37,DELIVERED
388,388,BlueDart,2026-05-27 08:40:00,2026-05-31,2026-05-31 14:40:00,4.21,DELIVERED
389,389,BlueDart,2026-02-16 12:29:00,2026-02-20,2026-02-22 17:29:00,2.81,DELIVERED
390,390,Delhivery,,,,0.0,CANCELLED
391,391,Ecom Express,2026-06-23 11:11:00,2026-06-27,2026-06-26 18:11:00,5.66,DELIVERED
392,392,Delhivery,2026-06-12 08:34:00,2026-06-18,2026-06-15 11:34:00,5.13,DELIVERED
393,393,Ecom Express,2026-06-29 12:11:00,2026-07-03,2026-07-06 20:11:00,4.28,DELIVERED
394,394,Delhivery,2026-05-20 09:59:00,2026-05-26,2026-05-24 18:59:00,6.73,DELIVERED
395,395,BlueDart,,,,0.0,CANCELLED
396,396,Ecom Express,2026-02-15 15:27:00,2026-02-18,2026-02-20 01:27:00,2.55,DELIVERED
397,397,BlueDart,2026-04-14 12:15:00,2026-04-20,2026-04-22 17:15:00,6.12,DELIVERED
398,398,BlueDart,2026-02-01 11:56:00,2026-02-05,2026-02-07 18:56:00,2.12,DELIVERED
399,399,Ecom Express,2026-06-05 17:34:00,2026-06-09,2026-06-09 00:34:00,6.65,DELIVERED
400,400,Ecom Express,2026-03-22 11:36:00,2026-03-27,2026-03-27 12:36:00,5.48,DELIVERED
401,401,Delhivery,2026-05-01 18:47:00,2026-05-07,2026-05-04 21:47:00,3.87,DELIVERED
402,402,DTDC,2026-02-11 12:13:00,2026-02-16,2026-02-15 19:13:00,2.69,DELIVERED
403,403,BlueDart,2026-04-13 14:36:00,2026-04-16,2026-04-16 23:36:00,4.81,DELIVERED
404,404,Delhivery,,,,0.0,CANCELLED
405,405,Delhivery,2026-05-10 21:03:00,2026-05-16,2026-05-12 23:03:00,5.22,DELIVERED
406,406,BlueDart,2026-06-04 15:21:00,2026-06-09,2026-06-08 18:21:00,3.82,DELIVERED
407,407,DTDC,2026-03-20 13:11:00,2026-03-26,2026-03-24 20:11:00,2.1,DELIVERED
408,408,Ecom Express,2026-06-12 22:34:00,2026-06-17,2026-06-16 10:34:00,5.77,DELIVERED
409,409,BlueDart,2026-05-26 16:24:00,2026-05-29,2026-05-30 02:24:00,6.14,DELIVERED
410,410,BlueDart,2026-04-15 18:47:00,2026-04-18,2026-04-22 02:47:00,4.91,DELIVERED
411,411,BlueDart,2026-04-17 18:01:00,2026-04-22,2026-04-22 02:01:00,2.52,DELIVERED
412,412,DTDC,,,,0.0,CANCELLED
413,413,Delhivery,2026-03-16 17:37:00,2026-03-20,2026-03-20 20:37:00,2.76,DELIVERED
414,414,Delhivery,2026-04-26 19:56:00,2026-04-29,2026-05-02 04:56:00,6.74,DELIVERED
415,415,Delhivery,2026-05-10 12:37:00,2026-05-15,2026-05-16 19:37:00,5.58,DELIVERED
416,416,Ecom Express,2026-05-22 08:45:00,2026-05-28,2026-05-30 13:45:00,5.2,DELIVERED
417,417,Delhivery,,,,0.0,CANCELLED
418,418,DTDC,2026-03-23 16:51:00,2026-03-27,2026-03-29 21:51:00,3.97,DELIVERED
419,419,Delhivery,2026-04-16 18:24:00,2026-04-22,2026-04-19 23:24:00,5.66,DELIVERED
420,420,BlueDart,2026-05-15 12:28:00,2026-05-21,2026-05-18 13:28:00,6.96,DELIVERED
421,421,DTDC,2026-06-08 20:56:00,2026-06-13,2026-06-14 06:56:00,6.8,DELIVERED
422,422,BlueDart,,,,0.0,CANCELLED
423,423,Delhivery,2026-02-16 13:50:00,2026-02-22,2026-02-22 01:50:00,3.29,DELIVERED
424,424,Delhivery,,,,5.69,PROCESSING
425,425,Delhivery,2026-04-10 18:36:00,2026-04-13,2026-04-16 03:36:00,6.92,DELIVERED
426,426,DTDC,2026-02-07 16:39:00,2026-02-10,2026-02-12 20:39:00,6.57,DELIVERED
427,427,Delhivery,2026-03-23 15:01:00,2026-03-27,2026-03-28 00:01:00,3.82,DELIVERED
428,428,BlueDart,2026-05-06 16:44:00,2026-05-12,2026-05-10 01:44:00,3.24,DELIVERED
429,429,DTDC,2026-05-22 18:29:00,2026-05-27,2026-05-26 20:29:00,3.35,DELIVERED
430,430,BlueDart,2026-04-05 21:33:00,2026-04-11,2026-04-09 04:33:00,3.94,DELIVERED
431,431,Ecom Express,2026-01-31 17:21:00,2026-02-03,2026-02-05 03:21:00,2.04,DELIVERED
432,432,BlueDart,2026-03-05 20:19:00,2026-03-09,2026-03-08 21:19:00,4.21,DELIVERED
433,433,DTDC,2026-04-05 09:10:00,2026-04-11,2026-04-10 15:10:00,6.11,DELIVERED
434,434,Delhivery,2026-03-20 18:33:00,2026-03-25,2026-03-26 03:33:00,6.74,DELIVERED
435,435,Ecom Express,2026-05-03 16:42:00,2026-05-08,2026-05-06 21:42:00,5.28,DELIVERED
436,436,DTDC,2026-05-30 10:22:00,2026-06-05,2026-06-03 11:22:00,6.13,DELIVERED
437,437,Ecom Express,2026-06-07 10:18:00,2026-06-13,2026-06-13 16:18:00,4.17,DELIVERED
438,438,DTDC,2026-06-18 15:37:00,2026-06-21,2026-06-22 01:37:00,4.09,DELIVERED
439,439,Ecom Express,2026-06-20 21:34:00,2026-06-23,2026-06-25 09:34:00,4.56,DELIVERED
440,440,BlueDart,2026-06-24 08:46:00,2026-06-29,2026-06-29 19:46:00,6.98,DELIVERED
441,441,BlueDart,2026-04-02 10:28:00,2026-04-08,2026-04-10 21:28:00,2.7,RETURNED
442,442,BlueDart,2026-05-09 11:10:00,2026-05-12,2026-05-13 19:10:00,2.1,RETURNED
443,443,Ecom Express,2026-05-09 12:12:00,2026-05-13,2026-05-12 23:12:00,5.57,DELIVERED
444,444,Ecom Express,2026-06-30 10:50:00,2026-07-03,2026-07-03 19:50:00,5.48,DELIVERED
445,445,BlueDart,2026-04-01 18:08:00,2026-04-04,2026-04-07 05:08:00,3.89,DELIVERED
446,446,DTDC,2026-02-28 19:11:00,2026-03-05,2026-03-05 02:11:00,5.06,DELIVERED
447,447,Ecom Express,2026-02-06 20:00:00,2026-02-12,2026-02-11 21:00:00,2.61,DELIVERED
448,448,DTDC,2026-03-06 10:01:00,2026-03-11,2026-03-10 21:01:00,6.03,DELIVERED
449,449,Ecom Express,2026-01-22 16:06:00,2026-01-28,2026-01-28 17:06:00,4.82,DELIVERED
450,450,Delhivery,2026-01-24 17:36:00,2026-01-29,2026-01-31 04:36:00,3.28,DELIVERED
451,451,Delhivery,2026-02-09 15:40:00,2026-02-15,2026-02-14 00:40:00,6.33,DELIVERED
452,452,DTDC,2026-03-21 13:37:00,2026-03-27,2026-03-23 23:37:00,2.01,DELIVERED
453,453,BlueDart,2026-01-19 10:35:00,2026-01-25,2026-01-23 17:35:00,5.89,DELIVERED
454,454,Ecom Express,2026-01-29 14:52:00,2026-02-01,2026-02-03 01:52:00,6.52,RETURNED
455,455,BlueDart,2026-02-06 21:52:00,2026-02-12,2026-02-09 06:52:00,5.53,DELIVERED
456,456,Ecom Express,2026-02-28 14:24:00,2026-03-03,2026-03-04 18:24:00,4.69,DELIVERED
457,457,Ecom Express,2026-05-19 13:11:00,2026-05-22,2026-05-23 22:11:00,3.85,DELIVERED
458,458,DTDC,2026-04-28 13:03:00,2026-05-02,2026-05-03 01:03:00,3.36,DELIVERED
459,459,Ecom Express,2026-05-12 10:06:00,2026-05-18,2026-05-15 15:06:00,2.66,DELIVERED
460,460,DTDC,2026-05-23 19:23:00,2026-05-28,2026-05-29 00:23:00,4.29,DELIVERED
461,461,Delhivery,2026-05-13 12:52:00,2026-05-17,2026-05-19 16:52:00,5.15,DELIVERED
462,462,DTDC,2026-02-19 11:41:00,2026-02-22,2026-02-26 17:41:00,4.0,DELIVERED
463,463,BlueDart,2026-03-17 10:59:00,2026-03-22,2026-03-19 20:59:00,3.53,DELIVERED
464,464,DTDC,2026-03-14 12:52:00,2026-03-19,2026-03-19 21:52:00,3.95,DELIVERED
465,465,Ecom Express,2026-02-02 19:53:00,2026-02-08,2026-02-07 02:53:00,4.05,DELIVERED
466,466,DTDC,2026-03-13 09:59:00,2026-03-17,2026-03-17 13:59:00,3.79,DELIVERED
467,467,BlueDart,2026-03-24 14:33:00,2026-03-29,2026-03-28 17:33:00,4.83,DELIVERED
468,468,BlueDart,2026-05-19 18:17:00,2026-05-25,2026-05-23 21:17:00,4.73,RETURNED
469,469,BlueDart,,,,4.5,PROCESSING
470,470,DTDC,2026-04-06 12:16:00,2026-04-11,2026-04-12 23:16:00,6.96,DELIVERED
471,471,Delhivery,2026-06-27 18:00:00,2026-07-01,2026-06-30 00:00:00,3.3,DELIVERED
472,472,Ecom Express,2026-04-01 18:14:00,2026-04-06,2026-04-09 22:14:00,5.75,DELIVERED
473,473,Ecom Express,2026-04-22 17:29:00,2026-04-27,2026-04-27 05:29:00,6.79,DELIVERED
474,474,BlueDart,,,,0.0,CANCELLED
475,475,BlueDart,2026-06-03 17:50:00,2026-06-09,2026-06-09 02:50:00,5.46,DELIVERED
476,476,DTDC,2026-04-23 14:25:00,2026-04-27,2026-04-29 00:25:00,6.82,DELIVERED
477,477,BlueDart,2026-05-21 18:35:00,2026-05-24,2026-05-27 04:35:00,4.11,DELIVERED
478,478,Delhivery,2026-06-17 19:07:00,2026-06-23,2026-06-24 01:07:00,2.36,DELIVERED
479,479,DTDC,2026-02-11 10:29:00,2026-02-15,2026-02-15 20:29:00,6.9,DELIVERED
480,480,Delhivery,2026-02-12 14:16:00,2026-02-18,2026-02-17 21:16:00,6.52,DELIVERED
481,481,Delhivery,2026-02-27 22:55:00,2026-03-04,2026-03-04 01:55:00,2.36,DELIVERED
482,482,BlueDart,2026-03-10 22:19:00,2026-03-15,2026-03-15 04:19:00,2.35,DELIVERED
483,483,Delhivery,2026-04-22 19:15:00,2026-04-25,2026-04-28 23:15:00,5.03,DELIVERED
484,484,BlueDart,2026-05-06 19:06:00,2026-05-09,2026-05-11 05:06:00,3.71,DELIVERED
485,485,Delhivery,2026-06-30 22:59:00,2026-07-06,2026-07-04 03:59:00,3.79,DELIVERED
486,486,DTDC,2026-03-26 20:11:00,2026-03-30,2026-03-30 02:11:00,2.94,DELIVERED
487,487,Delhivery,2026-03-23 16:01:00,2026-03-27,2026-03-27 18:01:00,4.2,DELIVERED
488,488,BlueDart,2026-04-20 14:13:00,2026-04-25,2026-04-28 01:13:00,3.56,DELIVERED
489,489,Delhivery,2026-04-23 20:09:00,2026-04-26,2026-04-26 05:09:00,6.47,DELIVERED
490,490,BlueDart,2026-05-01 22:00:00,2026-05-04,2026-05-06 04:00:00,4.83,DELIVERED
491,491,BlueDart,2026-06-05 19:48:00,2026-06-08,2026-06-11 03:48:00,3.57,DELIVERED
492,492,Delhivery,2026-06-16 08:20:00,2026-06-19,2026-06-22 15:20:00,3.95,DELIVERED
493,493,Ecom Express,2026-06-29 17:34:00,2026-07-03,2026-07-03 23:34:00,4.9,DELIVERED
494,494,BlueDart,2026-02-05 17:40:00,2026-02-11,2026-02-13 02:40:00,5.51,DELIVERED
495,495,Delhivery,2026-01-17 12:28:00,2026-01-21,2026-01-23 22:28:00,2.18,DELIVERED
496,496,BlueDart,2026-02-25 08:01:00,2026-03-03,2026-02-28 12:01:00,5.33,DELIVERED
497,497,Delhivery,2026-03-19 17:12:00,2026-03-22,2026-03-26 20:12:00,3.92,DELIVERED
498,498,Delhivery,2026-04-27 21:08:00,2026-04-30,2026-05-03 09:08:00,5.61,DELIVERED
499,499,Delhivery,2026-06-28 15:20:00,2026-07-02,2026-07-03 02:20:00,6.9,DELIVERED
500,500,Ecom Express,2026-04-22 20:14:00,2026-04-28,2026-04-30 21:14:00,5.17,DELIVERED
501,501,Delhivery,2026-05-06 17:17:00,2026-05-09,2026-05-10 20:17:00,6.41,DELIVERED
502,502,DTDC,2026-05-05 21:11:00,2026-05-09,2026-05-10 08:11:00,2.97,DELIVERED
503,503,BlueDart,2026-06-09 12:09:00,2026-06-12,2026-06-12 21:09:00,4.78,DELIVERED
504,504,BlueDart,2026-02-06 11:22:00,2026-02-12,2026-02-11 21:22:00,2.51,DELIVERED
505,505,Delhivery,2026-06-12 17:02:00,2026-06-15,2026-06-16 01:02:00,3.5,DELIVERED
506,506,Delhivery,2026-02-11 13:54:00,2026-02-16,2026-02-15 17:54:00,6.72,DELIVERED
507,507,BlueDart,2026-03-21 18:37:00,2026-03-27,2026-03-26 00:37:00,6.71,DELIVERED
508,508,DTDC,2026-04-14 14:40:00,2026-04-17,2026-04-20 02:40:00,6.06,DELIVERED
509,509,Ecom Express,2026-04-27 21:41:00,2026-05-02,2026-05-02 08:41:00,5.43,DELIVERED
510,510,BlueDart,2026-04-28 16:07:00,2026-05-02,2026-05-02 00:07:00,2.92,DELIVERED
511,511,Delhivery,2026-05-30 21:30:00,2026-06-04,2026-06-04 06:30:00,3.27,DELIVERED
512,512,BlueDart,2026-03-11 14:14:00,2026-03-14,2026-03-17 17:14:00,4.21,DELIVERED
513,513,Delhivery,2026-05-03 14:48:00,2026-05-07,2026-05-09 15:48:00,5.9,DELIVERED
514,514,Ecom Express,2026-04-25 19:12:00,2026-04-28,2026-04-28 05:12:00,2.79,RETURNED
515,515,Ecom Express,2026-05-06 20:25:00,2026-05-11,2026-05-12 05:25:00,6.39,DELIVERED
516,516,BlueDart,2026-06-15 16:58:00,2026-06-20,2026-06-19 19:58:00,5.56,DELIVERED
517,517,DTDC,2026-01-27 12:42:00,2026-01-30,2026-02-01 15:42:00,5.48,DELIVERED
518,518,DTDC,2026-02-12 22:49:00,2026-02-18,2026-02-18 00:49:00,4.27,DELIVERED
519,519,Delhivery,2026-06-30 19:34:00,2026-07-03,2026-07-08 01:34:00,3.53,DELIVERED
520,520,Delhivery,2026-03-25 08:16:00,2026-03-28,2026-03-28 17:16:00,4.86,DELIVERED
521,521,DTDC,2026-04-12 15:08:00,2026-04-15,2026-04-19 16:08:00,2.92,DELIVERED
522,522,DTDC,2026-06-30 19:51:00,2026-07-04,2026-07-05 05:51:00,6.52,DELIVERED
523,523,DTDC,2026-02-04 10:02:00,2026-02-08,2026-02-07 18:02:00,4.33,DELIVERED
524,524,DTDC,2026-03-16 19:26:00,2026-03-21,2026-03-21 23:26:00,6.35,DELIVERED
525,525,DTDC,2026-03-09 13:10:00,2026-03-14,2026-03-14 00:10:00,6.26,DELIVERED
526,526,DTDC,2026-06-02 08:54:00,2026-06-07,2026-06-04 11:54:00,6.92,DELIVERED
527,527,Ecom Express,2026-06-06 11:41:00,2026-06-10,2026-06-11 12:41:00,4.78,DELIVERED
528,528,Ecom Express,2026-06-29 19:58:00,2026-07-05,2026-07-05 02:58:00,6.87,DELIVERED
529,529,Delhivery,2026-06-06 11:03:00,2026-06-10,2026-06-09 20:03:00,6.27,DELIVERED
530,530,Ecom Express,2026-03-13 09:36:00,2026-03-18,2026-03-18 21:36:00,5.31,DELIVERED
531,531,Delhivery,2026-01-26 18:57:00,2026-01-29,2026-02-02 05:57:00,4.84,DELIVERED
532,532,DTDC,2026-03-01 16:16:00,2026-03-06,2026-03-06 01:16:00,3.45,DELIVERED
533,533,BlueDart,2026-03-12 22:53:00,2026-03-18,2026-03-20 05:53:00,2.42,RETURNED
534,534,DTDC,2026-04-18 10:24:00,2026-04-22,2026-04-22 15:24:00,6.64,DELIVERED
535,535,Delhivery,2026-06-28 21:39:00,2026-07-03,2026-07-03 00:39:00,5.61,RETURNED
536,536,Delhivery,2026-04-05 13:00:00,2026-04-11,2026-04-11 15:00:00,2.2,DELIVERED
537,537,Delhivery,2026-04-30 13:32:00,2026-05-04,2026-05-07 01:32:00,3.73,DELIVERED
538,538,Delhivery,2026-03-03 13:19:00,2026-03-07,2026-03-08 19:19:00,6.64,DELIVERED
539,539,Delhivery,2026-03-21 08:39:00,2026-03-26,2026-03-24 14:39:00,2.26,DELIVERED
540,540,Delhivery,2026-05-02 19:46:00,2026-05-06,2026-05-07 20:46:00,3.12,DELIVERED
541,541,BlueDart,2026-03-05 15:04:00,2026-03-10,2026-03-10 00:04:00,2.09,DELIVERED
542,542,Ecom Express,2026-03-12 13:56:00,2026-03-16,2026-03-19 19:56:00,2.94,DELIVERED
543,543,BlueDart,2026-02-15 15:51:00,2026-02-20,2026-02-20 02:51:00,3.71,DELIVERED
544,544,Ecom Express,2026-03-06 09:02:00,2026-03-11,2026-03-08 15:02:00,6.76,DELIVERED
545,545,Delhivery,2026-04-11 15:42:00,2026-04-14,2026-04-17 21:42:00,3.88,DELIVERED
546,546,Ecom Express,2026-06-13 08:47:00,2026-06-17,2026-06-16 15:47:00,5.1,DELIVERED
547,547,DTDC,2026-02-24 22:03:00,2026-02-28,2026-03-02 03:03:00,2.58,DELIVERED
548,548,Ecom Express,2026-03-13 21:13:00,2026-03-16,2026-03-20 09:13:00,2.19,DELIVERED
549,549,BlueDart,2026-04-04 11:16:00,2026-04-10,2026-04-08 19:16:00,3.65,DELIVERED
550,550,Delhivery,,,,4.97,PROCESSING
551,551,DTDC,2026-05-15 08:13:00,2026-05-21,2026-05-19 13:13:00,5.2,DELIVERED
552,552,Ecom Express,2026-03-28 16:11:00,2026-04-03,2026-04-02 22:11:00,2.27,DELIVERED
553,553,Delhivery,,,,0.0,CANCELLED
554,554,DTDC,2026-03-06 10:16:00,2026-03-09,2026-03-09 21:16:00,6.34,DELIVERED
555,555,Delhivery,2026-06-30 14:16:00,2026-07-03,2026-07-06 22:16:00,2.72,DELIVERED
556,556,Ecom Express,2026-04-28 14:33:00,2026-05-04,2026-05-04 00:33:00,4.76,DELIVERED
557,557,DTDC,2026-06-06 13:18:00,2026-06-12,2026-06-13 20:18:00,3.16,DELIVERED
558,558,DTDC,2026-03-30 16:53:00,2026-04-04,2026-04-03 22:53:00,2.65,RETURNED
559,559,Ecom Express,2026-04-11 09:01:00,2026-04-16,2026-04-17 16:01:00,2.44,DELIVERED
560,560,DTDC,2026-05-13 18:53:00,2026-05-17,2026-05-16 20:53:00,4.06,DELIVERED
561,561,Delhivery,2026-06-09 14:29:00,2026-06-15,2026-06-12 02:29:00,6.23,DELIVERED
562,562,Ecom Express,2026-06-29 09:14:00,2026-07-05,2026-07-04 12:14:00,4.52,DELIVERED
563,563,Delhivery,2026-03-17 16:36:00,2026-03-21,2026-03-20 23:36:00,4.53,DELIVERED
564,564,Ecom Express,2026-01-26 18:54:00,2026-01-31,2026-01-29 21:54:00,3.97,DELIVERED
565,565,DTDC,2026-06-02 14:55:00,2026-06-06,2026-06-07 17:55:00,4.85,DELIVERED
566,566,BlueDart,2026-05-11 22:27:00,2026-05-16,2026-05-15 08:27:00,6.27,DELIVERED
567,567,Delhivery,2026-06-09 13:16:00,2026-06-14,2026-06-14 01:16:00,6.61,DELIVERED
568,568,DTDC,2026-01-28 21:48:00,2026-02-01,2026-02-01 00:48:00,6.86,RETURNED
569,569,BlueDart,2026-02-21 09:46:00,2026-02-24,2026-02-25 17:46:00,3.95,DELIVERED
570,570,DTDC,2026-06-08 13:53:00,2026-06-13,2026-06-14 17:53:00,2.6,DELIVERED
571,571,Delhivery,2026-01-27 22:48:00,2026-01-31,2026-02-05 09:48:00,5.97,DELIVERED
572,572,BlueDart,2026-03-02 13:02:00,2026-03-05,2026-03-05 19:02:00,3.14,DELIVERED
573,573,BlueDart,2026-03-19 08:33:00,2026-03-22,2026-03-27 20:33:00,6.99,DELIVERED
574,574,BlueDart,2026-04-04 12:17:00,2026-04-07,2026-04-08 23:17:00,3.0,DELIVERED
575,575,Ecom Express,2026-04-10 08:32:00,2026-04-16,2026-04-13 18:32:00,6.47,DELIVERED
576,576,Ecom Express,2026-07-02 11:34:00,2026-07-05,2026-07-06 16:34:00,5.18,DELIVERED
577,577,BlueDart,2026-05-04 11:09:00,2026-05-09,2026-05-09 22:09:00,4.71,DELIVERED
578,578,DTDC,2026-05-20 22:52:00,2026-05-23,2026-05-26 09:52:00,3.98,DELIVERED
579,579,Ecom Express,2026-06-01 08:32:00,2026-06-04,2026-06-05 20:32:00,5.49,DELIVERED
580,580,BlueDart,2026-03-04 11:04:00,2026-03-09,2026-03-06 19:04:00,6.39,DELIVERED
581,581,Ecom Express,2026-03-28 20:50:00,2026-04-03,2026-04-02 23:50:00,6.79,DELIVERED
582,582,Delhivery,2026-04-19 18:20:00,2026-04-22,2026-04-27 03:20:00,5.37,DELIVERED
583,583,Ecom Express,,,,0.0,CANCELLED
584,584,DTDC,2026-07-02 15:49:00,2026-07-08,2026-07-07 21:49:00,2.34,DELIVERED
585,585,BlueDart,2026-02-27 14:48:00,2026-03-02,2026-03-05 01:48:00,2.52,DELIVERED
586,586,BlueDart,2026-05-12 13:14:00,2026-05-16,2026-05-15 22:14:00,2.85,RETURNED
587,587,DTDC,2026-06-21 21:44:00,2026-06-24,2026-06-27 00:44:00,2.97,DELIVERED
588,588,Delhivery,2026-05-07 16:23:00,2026-05-11,2026-05-11 04:23:00,4.02,DELIVERED
589,589,Delhivery,2026-06-05 19:40:00,2026-06-08,2026-06-09 03:40:00,3.74,DELIVERED
590,590,BlueDart,2026-04-17 17:49:00,2026-04-20,2026-04-21 20:49:00,4.62,DELIVERED
591,591,BlueDart,2026-05-21 22:51:00,2026-05-25,2026-05-25 07:51:00,5.08,DELIVERED
592,592,Ecom Express,2026-05-28 16:18:00,2026-05-31,2026-06-03 02:18:00,5.64,DELIVERED
593,593,Delhivery,2026-07-02 19:54:00,2026-07-08,2026-07-06 02:54:00,5.35,RETURNED
594,594,BlueDart,2026-04-03 22:40:00,2026-04-09,2026-04-07 10:40:00,4.2,DELIVERED
595,595,Delhivery,2026-04-29 11:20:00,2026-05-03,2026-05-03 22:20:00,3.2,DELIVERED
596,596,Ecom Express,2026-05-09 22:00:00,2026-05-13,2026-05-14 03:00:00,2.99,DELIVERED
597,597,Ecom Express,2026-03-31 18:49:00,2026-04-03,2026-04-05 01:49:00,5.54,DELIVERED
598,598,Delhivery,2026-04-13 21:29:00,2026-04-18,2026-04-19 22:29:00,3.29,RETURNED
599,599,DTDC,2026-05-22 21:15:00,2026-05-26,2026-05-28 03:15:00,2.84,DELIVERED
600,600,Ecom Express,2026-06-08 22:38:00,2026-06-13,2026-06-13 08:38:00,4.24,DELIVERED
601,601,Ecom Express,2026-01-29 20:31:00,2026-02-04,2026-02-02 07:31:00,2.43,DELIVERED
602,602,Ecom Express,2026-02-21 21:11:00,2026-02-27,2026-02-26 00:11:00,5.46,DELIVERED
603,603,Ecom Express,2026-04-01 08:57:00,2026-04-05,2026-04-04 10:57:00,3.25,DELIVERED
604,604,BlueDart,2026-02-06 20:56:00,2026-02-10,2026-02-12 05:56:00,2.9,DELIVERED
605,605,DTDC,2026-03-12 13:44:00,2026-03-16,2026-03-15 16:44:00,2.54,DELIVERED
606,606,Ecom Express,,,,0.0,CANCELLED
607,607,Delhivery,2026-05-29 12:18:00,2026-06-04,2026-06-04 22:18:00,2.79,DELIVERED
608,608,Delhivery,2026-01-16 12:17:00,2026-01-22,2026-01-24 00:17:00,4.08,DELIVERED
609,609,Delhivery,2026-02-21 17:31:00,2026-02-25,2026-02-26 01:31:00,5.72,DELIVERED
610,610,BlueDart,2026-04-30 14:53:00,2026-05-05,2026-05-02 23:53:00,5.97,DELIVERED
611,611,Ecom Express,,,,2.52,PROCESSING
612,612,DTDC,2026-05-16 08:37:00,2026-05-20,2026-05-21 10:37:00,6.95,DELIVERED
613,613,BlueDart,2026-06-24 12:23:00,2026-06-27,2026-06-28 16:23:00,6.28,DELIVERED
614,614,Delhivery,2026-06-29 09:57:00,2026-07-03,2026-07-04 21:57:00,6.93,RETURNED
615,615,Ecom Express,2026-02-28 21:59:00,2026-03-05,2026-03-07 22:59:00,3.66,DELIVERED
616,616,Delhivery,2026-06-20 15:39:00,2026-06-26,2026-06-25 01:39:00,6.14,DELIVERED
617,617,Ecom Express,2026-06-29 15:00:00,2026-07-03,2026-07-03 18:00:00,4.92,DELIVERED
618,618,Delhivery,2026-04-11 21:54:00,2026-04-15,2026-04-14 03:54:00,5.23,DELIVERED
619,619,BlueDart,2026-05-14 22:23:00,2026-05-20,2026-05-22 10:23:00,6.65,DELIVERED
620,620,Ecom Express,2026-06-15 09:58:00,2026-06-18,2026-06-19 17:58:00,3.03,DELIVERED
621,621,BlueDart,2026-02-01 12:38:00,2026-02-05,2026-02-05 21:38:00,6.2,DELIVERED
622,622,DTDC,2026-03-12 08:51:00,2026-03-15,2026-03-16 16:51:00,5.78,DELIVERED
623,623,Delhivery,2026-04-06 11:52:00,2026-04-10,2026-04-11 15:52:00,2.87,DELIVERED
624,624,Ecom Express,2026-04-15 21:21:00,2026-04-20,2026-04-23 03:21:00,3.19,DELIVERED
625,625,Delhivery,2026-05-23 17:49:00,2026-05-27,2026-05-27 23:49:00,4.36,DELIVERED
626,626,DTDC,2026-03-28 13:42:00,2026-03-31,2026-04-01 15:42:00,5.75,DELIVERED
627,627,Delhivery,2026-04-11 20:40:00,2026-04-17,2026-04-14 22:40:00,2.67,DELIVERED
628,628,DTDC,,,,0.0,CANCELLED
629,629,DTDC,2026-03-21 18:54:00,2026-03-25,2026-03-26 21:54:00,4.38,DELIVERED
630,630,BlueDart,2026-05-03 13:10:00,2026-05-08,2026-05-07 14:10:00,6.15,DELIVERED
631,631,DTDC,2026-02-21 22:33:00,2026-02-25,2026-02-26 00:33:00,4.73,DELIVERED
632,632,Delhivery,2026-03-01 22:42:00,2026-03-04,2026-03-08 05:42:00,3.66,DELIVERED
633,633,DTDC,2026-03-05 09:20:00,2026-03-09,2026-03-08 13:20:00,3.6,DELIVERED
634,634,BlueDart,2026-03-21 20:39:00,2026-03-24,2026-03-27 23:39:00,4.8,DELIVERED
635,635,Delhivery,2026-04-23 16:49:00,2026-04-26,2026-05-01 04:49:00,3.83,DELIVERED
636,636,Delhivery,2026-06-04 17:58:00,2026-06-08,2026-06-07 22:58:00,5.27,DELIVERED
637,637,Delhivery,2026-04-03 11:15:00,2026-04-08,2026-04-09 16:15:00,3.3,RETURNED
638,638,Delhivery,2026-05-11 11:10:00,2026-05-15,2026-05-18 18:10:00,6.56,DELIVERED
639,639,Ecom Express,2026-05-23 22:39:00,2026-05-28,2026-05-28 06:39:00,2.36,DELIVERED
640,640,DTDC,2026-06-03 19:39:00,2026-06-09,2026-06-10 22:39:00,3.58,DELIVERED
641,641,DTDC,2026-07-02 12:19:00,2026-07-08,2026-07-08 13:19:00,4.77,DELIVERED
642,642,BlueDart,2026-01-17 09:24:00,2026-01-21,2026-01-20 19:24:00,4.44,DELIVERED
643,643,Delhivery,2026-01-21 15:16:00,2026-01-27,2026-01-27 20:16:00,3.59,DELIVERED
644,644,Ecom Express,2026-02-07 10:17:00,2026-02-12,2026-02-13 16:17:00,4.02,DELIVERED
645,645,DTDC,2026-03-31 20:51:00,2026-04-06,2026-04-05 01:51:00,5.6,DELIVERED
646,646,Ecom Express,2026-06-01 15:54:00,2026-06-05,2026-06-07 19:54:00,5.92,DELIVERED
647,647,BlueDart,2026-05-21 15:35:00,2026-05-24,2026-05-27 17:35:00,2.84,RETURNED
648,648,BlueDart,2026-05-31 09:58:00,2026-06-06,2026-06-04 14:58:00,3.09,DELIVERED
649,649,DTDC,2026-02-02 13:34:00,2026-02-06,2026-02-06 01:34:00,3.89,DELIVERED
650,650,DTDC,2026-02-14 15:01:00,2026-02-19,2026-02-18 22:01:00,4.36,DELIVERED
651,651,Ecom Express,2026-05-26 12:35:00,2026-05-30,2026-06-01 14:35:00,6.09,DELIVERED
652,652,Delhivery,2026-04-12 14:50:00,2026-04-15,2026-04-20 21:50:00,5.7,DELIVERED
653,653,Delhivery,2026-05-04 22:22:00,2026-05-10,2026-05-10 06:22:00,2.33,DELIVERED
654,654,BlueDart,2026-05-27 19:40:00,2026-06-02,2026-05-30 21:40:00,4.84,DELIVERED
655,655,BlueDart,2026-05-13 10:45:00,2026-05-17,2026-05-17 14:45:00,5.27,DELIVERED
656,656,Delhivery,,,,4.0,PROCESSING
657,657,BlueDart,2026-04-28 22:18:00,2026-05-01,2026-05-03 02:18:00,2.44,DELIVERED
658,658,Ecom Express,2026-05-08 21:51:00,2026-05-14,2026-05-12 23:51:00,5.65,DELIVERED
659,659,BlueDart,2026-03-13 15:28:00,2026-03-19,2026-03-18 17:28:00,2.49,DELIVERED
660,660,Delhivery,2026-06-21 14:00:00,2026-06-25,2026-06-26 20:00:00,4.1,DELIVERED
661,661,BlueDart,2026-06-27 17:21:00,2026-07-02,2026-07-02 00:21:00,2.38,DELIVERED
662,662,Ecom Express,2026-05-21 08:05:00,2026-05-25,2026-05-24 15:05:00,3.5,DELIVERED
663,663,DTDC,2026-03-29 19:16:00,2026-04-04,2026-04-06 04:16:00,4.17,DELIVERED
664,664,DTDC,2026-05-23 10:37:00,2026-05-29,2026-05-29 12:37:00,6.1,DELIVERED
665,665,BlueDart,2026-06-22 20:56:00,2026-06-25,2026-06-27 23:56:00,3.22,DELIVERED
666,666,DTDC,2026-05-16 15:45:00,2026-05-20,2026-05-22 02:45:00,2.45,DELIVERED
667,667,DTDC,2026-02-01 21:44:00,2026-02-06,2026-02-05 22:44:00,2.22,DELIVERED
668,668,DTDC,2026-05-28 19:51:00,2026-06-02,2026-06-05 06:51:00,2.26,DELIVERED
669,669,Ecom Express,2026-06-06 12:49:00,2026-06-10,2026-06-10 23:49:00,3.07,DELIVERED
670,670,DTDC,2026-04-05 13:52:00,2026-04-09,2026-04-11 01:52:00,3.59,DELIVERED
671,671,DTDC,2026-04-20 20:11:00,2026-04-26,2026-04-25 04:11:00,6.63,DELIVERED
672,672,BlueDart,2026-05-08 11:33:00,2026-05-12,2026-05-11 19:33:00,5.42,DELIVERED
673,673,Ecom Express,2026-06-01 21:18:00,2026-06-07,2026-06-08 08:18:00,2.19,DELIVERED
674,674,Ecom Express,2026-05-14 20:47:00,2026-05-19,2026-05-19 21:47:00,2.37,DELIVERED
675,675,BlueDart,2026-05-26 13:42:00,2026-05-29,2026-05-28 15:42:00,4.92,DELIVERED
676,676,DTDC,2026-06-13 14:16:00,2026-06-19,2026-06-19 01:16:00,5.67,DELIVERED
677,677,DTDC,2026-01-24 11:34:00,2026-01-30,2026-01-26 16:34:00,6.11,DELIVERED
678,678,Delhivery,2026-02-19 13:31:00,2026-02-22,2026-02-23 14:31:00,2.71,DELIVERED
679,679,BlueDart,2026-03-01 22:38:00,2026-03-06,2026-03-05 01:38:00,6.34,DELIVERED
680,680,Delhivery,2026-05-17 21:26:00,2026-05-20,2026-05-22 07:26:00,6.24,DELIVERED
681,681,BlueDart,2026-02-16 15:42:00,2026-02-21,2026-02-22 18:42:00,3.34,DELIVERED
682,682,DTDC,2026-03-31 09:42:00,2026-04-06,2026-04-02 16:42:00,2.68,DELIVERED
683,683,Delhivery,2026-04-07 20:22:00,2026-04-10,2026-04-13 07:22:00,6.3,DELIVERED
684,684,BlueDart,2026-05-07 18:18:00,2026-05-13,2026-05-11 23:18:00,3.52,DELIVERED
685,685,Ecom Express,2026-05-04 15:32:00,2026-05-10,2026-05-12 16:32:00,3.02,DELIVERED
686,686,BlueDart,2026-05-26 08:45:00,2026-05-29,2026-05-30 15:45:00,5.71,DELIVERED
687,687,Ecom Express,2026-03-17 13:59:00,2026-03-21,2026-03-20 00:59:00,2.24,DELIVERED
688,688,Ecom Express,2026-02-01 21:45:00,2026-02-04,2026-02-05 22:45:00,2.72,DELIVERED
689,689,Ecom Express,2026-02-20 12:23:00,2026-02-24,2026-02-25 14:23:00,2.13,DELIVERED
690,690,DTDC,2026-02-12 22:14:00,2026-02-16,2026-02-17 07:14:00,6.49,DELIVERED
691,691,BlueDart,2026-03-21 22:13:00,2026-03-25,2026-03-28 06:13:00,6.95,DELIVERED
692,692,DTDC,2026-01-27 11:39:00,2026-01-30,2026-01-30 22:39:00,3.65,DELIVERED
693,693,Delhivery,,,,0.0,CANCELLED
694,694,Ecom Express,2026-03-17 12:42:00,2026-03-22,2026-03-20 17:42:00,4.58,DELIVERED
695,695,Ecom Express,2026-03-26 19:58:00,2026-04-01,2026-03-30 07:58:00,2.69,DELIVERED
696,696,DTDC,2026-04-12 08:02:00,2026-04-18,2026-04-16 11:02:00,2.03,DELIVERED
697,697,DTDC,2026-05-19 15:00:00,2026-05-25,2026-05-22 23:00:00,3.72,RETURNED
698,698,DTDC,2026-06-06 19:59:00,2026-06-10,2026-06-14 00:59:00,6.95,DELIVERED
699,699,BlueDart,2026-06-14 16:40:00,2026-06-18,2026-06-17 02:40:00,2.74,DELIVERED
700,700,Delhivery,2026-01-09 14:38:00,2026-01-15,2026-01-12 19:38:00,2.31,DELIVERED
701,701,DTDC,2026-04-14 10:35:00,2026-04-18,2026-04-18 12:35:00,6.59,DELIVERED
702,702,Delhivery,2026-06-26 08:56:00,2026-07-01,2026-07-01 12:56:00,5.96,DELIVERED
703,703,Ecom Express,2026-02-05 08:01:00,2026-02-08,2026-02-08 20:01:00,2.8,DELIVERED
704,704,Delhivery,2026-02-27 14:28:00,2026-03-05,2026-03-04 02:28:00,5.54,DELIVERED
705,705,BlueDart,2026-06-11 10:07:00,2026-06-17,2026-06-15 16:07:00,4.84,RETURNED
706,706,BlueDart,2026-06-16 12:41:00,2026-06-21,2026-06-24 23:41:00,4.09,DELIVERED
707,707,Ecom Express,2026-02-09 09:49:00,2026-02-13,2026-02-11 12:49:00,3.79,DELIVERED
708,708,Delhivery,2026-03-22 09:55:00,2026-03-27,2026-03-26 19:55:00,4.03,DELIVERED
709,709,BlueDart,2026-05-29 22:51:00,2026-06-03,2026-06-03 04:51:00,2.29,DELIVERED
710,710,Delhivery,2026-06-17 22:59:00,2026-06-21,2026-06-22 06:59:00,4.67,DELIVERED
711,711,Delhivery,2026-02-16 20:59:00,2026-02-21,2026-02-21 06:59:00,5.16,DELIVERED
712,712,Delhivery,2026-02-27 11:11:00,2026-03-05,2026-03-01 21:11:00,6.91,DELIVERED
713,713,DTDC,2026-03-10 22:00:00,2026-03-16,2026-03-18 08:00:00,4.96,DELIVERED
714,714,BlueDart,2026-03-25 22:29:00,2026-03-30,2026-03-29 06:29:00,5.86,DELIVERED
715,715,Delhivery,2026-04-28 15:46:00,2026-05-02,2026-05-05 00:46:00,5.37,DELIVERED
716,716,Delhivery,2026-05-17 11:43:00,2026-05-23,2026-05-22 20:43:00,2.1,DELIVERED
717,717,Delhivery,2026-06-09 12:46:00,2026-06-15,2026-06-15 15:46:00,2.94,DELIVERED
718,718,DTDC,,,,0.0,CANCELLED
719,719,DTDC,2026-04-07 14:47:00,2026-04-11,2026-04-13 20:47:00,4.67,DELIVERED
720,720,Ecom Express,2026-07-01 22:04:00,2026-07-06,2026-07-07 02:04:00,3.53,DELIVERED
721,721,Ecom Express,2026-04-29 21:59:00,2026-05-05,2026-05-05 03:59:00,5.18,DELIVERED
722,722,DTDC,2026-05-13 08:33:00,2026-05-16,2026-05-16 14:33:00,3.96,DELIVERED
723,723,DTDC,2026-03-20 14:42:00,2026-03-25,2026-03-27 00:42:00,6.67,DELIVERED
724,724,Ecom Express,2026-01-22 17:02:00,2026-01-28,2026-01-26 19:02:00,6.93,DELIVERED
725,725,Ecom Express,2026-02-12 10:06:00,2026-02-18,2026-02-18 13:06:00,3.99,DELIVERED
726,726,Delhivery,2026-01-30 14:06:00,2026-02-02,2026-02-04 22:06:00,6.02,DELIVERED
727,727,DTDC,,,,0.0,CANCELLED
728,728,Delhivery,2026-01-26 21:55:00,2026-01-30,2026-02-02 07:55:00,3.15,DELIVERED
729,729,BlueDart,2026-03-02 11:55:00,2026-03-05,2026-03-05 13:55:00,4.87,DELIVERED
730,730,Delhivery,,,,3.63,PROCESSING
731,731,DTDC,2026-02-18 22:18:00,2026-02-24,2026-02-26 09:18:00,2.67,RETURNED
732,732,Delhivery,2026-03-07 22:09:00,2026-03-12,2026-03-14 09:09:00,3.72,DELIVERED
733,733,BlueDart,2026-07-01 21:12:00,2026-07-05,2026-07-07 05:12:00,2.33,DELIVERED
734,734,Ecom Express,2026-06-09 13:27:00,2026-06-14,2026-06-11 16:27:00,3.64,DELIVERED
735,735,DTDC,2026-04-20 09:20:00,2026-04-23,2026-04-25 18:20:00,3.04,DELIVERED
736,736,DTDC,2026-05-01 10:52:00,2026-05-05,2026-05-04 17:52:00,4.57,DELIVERED
737,737,BlueDart,2026-06-08 21:24:00,2026-06-13,2026-06-13 09:24:00,2.02,DELIVERED
738,738,DTDC,2026-05-24 19:43:00,2026-05-30,2026-05-26 20:43:00,2.53,DELIVERED
739,739,DTDC,2026-06-12 12:51:00,2026-06-15,2026-06-18 21:51:00,5.01,RETURNED
740,740,Delhivery,2026-04-24 11:47:00,2026-04-27,2026-04-30 17:47:00,6.74,DELIVERED
741,741,BlueDart,2026-03-24 14:22:00,2026-03-29,2026-03-28 01:22:00,4.33,DELIVERED
742,742,Delhivery,,,,0.0,CANCELLED
743,743,Delhivery,2026-05-13 20:24:00,2026-05-17,2026-05-15 22:24:00,3.07,DELIVERED
744,744,Delhivery,2026-05-27 21:55:00,2026-06-02,2026-06-01 00:55:00,5.0,DELIVERED
745,745,Delhivery,2026-02-13 08:13:00,2026-02-17,2026-02-16 19:13:00,3.43,DELIVERED
746,746,DTDC,2026-02-23 11:01:00,2026-02-28,2026-03-02 16:01:00,2.3,DELIVERED
747,747,Ecom Express,2026-04-27 14:30:00,2026-05-02,2026-04-30 16:30:00,2.24,DELIVERED
748,748,BlueDart,2026-05-19 16:00:00,2026-05-23,2026-05-27 04:00:00,2.87,RETURNED
749,749,Ecom Express,2026-06-28 16:51:00,2026-07-01,2026-06-30 17:51:00,5.81,DELIVERED
750,750,Ecom Express,2026-03-11 22:17:00,2026-03-17,2026-03-17 23:17:00,6.52,DELIVERED
751,751,Delhivery,2026-05-18 13:29:00,2026-05-21,2026-05-21 23:29:00,3.02,DELIVERED
752,752,Ecom Express,2026-06-23 09:39:00,2026-06-29,2026-06-26 20:39:00,6.06,DELIVERED
753,753,DTDC,2026-04-30 18:25:00,2026-05-03,2026-05-04 06:25:00,3.38,DELIVERED
754,754,Ecom Express,,,,0.0,CANCELLED
755,755,Delhivery,,,,4.61,PROCESSING
756,756,Delhivery,2026-05-08 13:33:00,2026-05-13,2026-05-15 00:33:00,2.52,DELIVERED
757,757,DTDC,,,,0.0,CANCELLED
758,758,DTDC,2026-04-26 19:11:00,2026-04-30,2026-05-04 20:11:00,4.73,DELIVERED
759,759,DTDC,2026-06-29 10:49:00,2026-07-03,2026-07-05 19:49:00,4.51,DELIVERED
760,760,Delhivery,2026-01-29 18:37:00,2026-02-01,2026-02-03 21:37:00,2.8,DELIVERED
761,761,DTDC,2026-02-22 14:59:00,2026-02-27,2026-02-28 15:59:00,2.49,DELIVERED
762,762,Ecom Express,2026-03-25 12:41:00,2026-03-31,2026-03-29 20:41:00,2.54,DELIVERED
763,763,Delhivery,2026-05-18 09:04:00,2026-05-23,2026-05-21 19:04:00,5.37,DELIVERED
764,764,Delhivery,2026-06-05 18:00:00,2026-06-09,2026-06-10 00:00:00,4.98,DELIVERED
765,765,BlueDart,2026-05-24 11:03:00,2026-05-29,2026-05-28 22:03:00,4.73,DELIVERED
766,766,Ecom Express,2026-05-09 18:27:00,2026-05-15,2026-05-13 23:27:00,4.64,DELIVERED
767,767,BlueDart,2026-06-19 18:21:00,2026-06-23,2026-06-23 20:21:00,3.63,DELIVERED
768,768,Delhivery,2026-04-12 11:15:00,2026-04-18,2026-04-18 17:15:00,6.77,RETURNED
769,769,Delhivery,2026-02-15 13:37:00,2026-02-20,2026-02-20 22:37:00,2.35,DELIVERED
770,770,Delhivery,2026-03-09 16:26:00,2026-03-15,2026-03-17 23:26:00,3.19,DELIVERED
771,771,Delhivery,2026-05-03 12:21:00,2026-05-06,2026-05-09 21:21:00,3.64,DELIVERED
772,772,BlueDart,2026-03-09 16:13:00,2026-03-13,2026-03-14 03:13:00,5.7,RETURNED
773,773,DTDC,2026-06-05 12:35:00,2026-06-08,2026-06-07 21:35:00,6.74,DELIVERED
774,774,BlueDart,2026-06-15 12:01:00,2026-06-20,2026-06-19 23:01:00,6.26,DELIVERED
775,775,BlueDart,2026-04-13 09:33:00,2026-04-19,2026-04-16 13:33:00,6.44,DELIVERED
776,776,Delhivery,2026-04-28 18:24:00,2026-05-01,2026-05-03 02:24:00,4.64,DELIVERED
777,777,Delhivery,2026-06-07 16:15:00,2026-06-10,2026-06-10 02:15:00,6.57,DELIVERED
778,778,BlueDart,2026-05-09 09:18:00,2026-05-15,2026-05-12 19:18:00,4.2,DELIVERED
779,779,Delhivery,,,,0.0,CANCELLED
780,780,Delhivery,2026-06-28 17:57:00,2026-07-01,2026-07-05 03:57:00,3.59,DELIVERED
781,781,Delhivery,2026-03-25 08:34:00,2026-03-30,2026-03-28 18:34:00,3.37,DELIVERED
782,782,Delhivery,2026-04-10 16:05:00,2026-04-16,2026-04-13 21:05:00,5.02,DELIVERED
783,783,DTDC,2026-04-06 13:04:00,2026-04-11,2026-04-11 15:04:00,4.19,DELIVERED
784,784,BlueDart,2026-04-21 19:47:00,2026-04-24,2026-04-26 20:47:00,5.59,DELIVERED
785,785,BlueDart,2026-06-19 19:59:00,2026-06-24,2026-06-25 04:59:00,2.93,DELIVERED
786,786,Ecom Express,2026-05-04 16:16:00,2026-05-07,2026-05-08 23:16:00,5.58,DELIVERED
787,787,BlueDart,2026-05-26 19:14:00,2026-05-30,2026-05-31 03:14:00,3.67,DELIVERED
788,788,BlueDart,2026-02-08 15:20:00,2026-02-14,2026-02-10 19:20:00,5.27,DELIVERED
789,789,DTDC,2026-03-01 10:35:00,2026-03-07,2026-03-04 18:35:00,5.95,DELIVERED
790,790,Delhivery,2026-05-07 18:58:00,2026-05-13,2026-05-14 06:58:00,5.23,DELIVERED
791,791,Delhivery,2026-06-06 15:26:00,2026-06-12,2026-06-11 22:26:00,4.71,DELIVERED
792,792,BlueDart,2026-06-27 15:51:00,2026-07-03,2026-07-01 23:51:00,4.89,DELIVERED
793,793,Delhivery,2026-02-20 12:56:00,2026-02-25,2026-02-25 00:56:00,6.61,DELIVERED
794,794,DTDC,2026-03-23 12:41:00,2026-03-28,2026-03-26 14:41:00,4.59,DELIVERED
795,795,Delhivery,2026-04-07 22:09:00,2026-04-10,2026-04-11 09:09:00,5.41,DELIVERED
796,796,BlueDart,2026-06-08 20:58:00,2026-06-13,2026-06-14 08:58:00,6.83,DELIVERED
797,797,DTDC,2026-06-17 21:26:00,2026-06-22,2026-06-21 05:26:00,4.66,DELIVERED
798,798,Delhivery,2026-06-07 17:51:00,2026-06-11,2026-06-12 02:51:00,3.19,DELIVERED
799,799,BlueDart,2026-02-25 21:38:00,2026-03-01,2026-03-04 04:38:00,4.75,DELIVERED
800,800,DTDC,2026-02-17 21:26:00,2026-02-23,2026-02-23 03:26:00,3.98,DELIVERED
801,801,BlueDart,2026-03-13 08:56:00,2026-03-16,2026-03-16 12:56:00,5.9,RETURNED
802,802,BlueDart,2026-06-29 16:28:00,2026-07-02,2026-07-05 04:28:00,2.11,DELIVERED
803,803,BlueDart,2026-06-30 22:22:00,2026-07-04,2026-07-05 08:22:00,6.19,DELIVERED
804,804,BlueDart,2026-01-14 21:49:00,2026-01-17,2026-01-22 23:49:00,4.1,DELIVERED
805,805,BlueDart,2026-03-14 17:04:00,2026-03-17,2026-03-17 03:04:00,5.68,DELIVERED
806,806,Ecom Express,2026-05-05 17:44:00,2026-05-09,2026-05-11 22:44:00,3.33,DELIVERED
807,807,BlueDart,2026-05-13 21:58:00,2026-05-17,2026-05-16 22:58:00,4.35,DELIVERED
808,808,BlueDart,2026-01-16 18:14:00,2026-01-20,2026-01-21 01:14:00,3.06,DELIVERED
809,809,BlueDart,2026-01-22 18:10:00,2026-01-28,2026-01-27 01:10:00,5.1,DELIVERED
810,810,DTDC,2026-02-26 11:08:00,2026-03-04,2026-03-04 15:08:00,4.65,DELIVERED
811,811,DTDC,2026-06-04 09:53:00,2026-06-10,2026-06-09 11:53:00,6.6,DELIVERED
812,812,DTDC,2026-05-07 17:57:00,2026-05-11,2026-05-14 04:57:00,2.07,DELIVERED
813,813,Delhivery,2026-04-27 08:58:00,2026-04-30,2026-04-30 11:58:00,5.93,DELIVERED
814,814,BlueDart,2026-05-13 17:06:00,2026-05-17,2026-05-20 18:06:00,6.35,DELIVERED
815,815,BlueDart,2026-06-03 20:00:00,2026-06-07,2026-06-11 08:00:00,4.54,DELIVERED
816,816,Delhivery,2026-03-27 10:26:00,2026-03-31,2026-04-04 20:26:00,3.29,DELIVERED
817,817,Delhivery,2026-05-08 17:39:00,2026-05-12,2026-05-12 19:39:00,3.71,DELIVERED
818,818,Ecom Express,2026-05-29 18:57:00,2026-06-04,2026-06-05 21:57:00,2.24,DELIVERED
819,819,Delhivery,2026-06-20 22:34:00,2026-06-25,2026-06-26 00:34:00,4.65,DELIVERED
820,820,Delhivery,2026-03-19 17:42:00,2026-03-25,2026-03-24 20:42:00,3.27,DELIVERED
821,821,DTDC,2026-04-17 15:30:00,2026-04-20,2026-04-21 03:30:00,2.38,DELIVERED
822,822,BlueDart,2026-01-30 16:19:00,2026-02-05,2026-02-04 22:19:00,2.36,DELIVERED
823,823,BlueDart,2026-03-09 18:50:00,2026-03-14,2026-03-13 20:50:00,6.98,DELIVERED
824,824,BlueDart,2026-03-23 17:30:00,2026-03-26,2026-03-31 19:30:00,4.4,DELIVERED
825,825,BlueDart,2026-03-30 17:58:00,2026-04-03,2026-04-04 20:58:00,2.23,DELIVERED
826,826,DTDC,2026-06-30 21:15:00,2026-07-05,2026-07-06 01:15:00,6.4,DELIVERED
827,827,Ecom Express,2026-06-17 11:33:00,2026-06-22,2026-06-20 21:33:00,4.78,DELIVERED
828,828,DTDC,2026-06-14 08:53:00,2026-06-20,2026-06-18 11:53:00,6.6,DELIVERED
829,829,Ecom Express,2026-06-08 14:42:00,2026-06-14,2026-06-12 16:42:00,4.39,DELIVERED
830,830,Delhivery,2026-02-27 12:47:00,2026-03-05,2026-03-02 22:47:00,6.65,DELIVERED
831,831,BlueDart,2026-02-02 10:20:00,2026-02-06,2026-02-07 15:20:00,4.19,DELIVERED
832,832,BlueDart,2026-02-10 11:42:00,2026-02-13,2026-02-12 15:42:00,2.18,DELIVERED
833,833,BlueDart,2026-03-02 15:48:00,2026-03-06,2026-03-08 17:48:00,3.02,DELIVERED
834,834,BlueDart,2026-03-20 09:48:00,2026-03-26,2026-03-27 16:48:00,3.39,DELIVERED
835,835,Ecom Express,2026-06-04 15:13:00,2026-06-08,2026-06-10 00:13:00,3.81,DELIVERED
836,836,DTDC,2026-06-27 22:30:00,2026-07-01,2026-06-30 04:30:00,3.53,DELIVERED
837,837,BlueDart,2026-03-27 11:18:00,2026-04-02,2026-04-02 21:18:00,2.96,RETURNED
838,838,DTDC,2026-05-10 18:00:00,2026-05-16,2026-05-16 02:00:00,3.92,DELIVERED
839,839,Delhivery,2026-03-13 18:41:00,2026-03-18,2026-03-19 05:41:00,5.14,DELIVERED
840,840,DTDC,2026-02-10 17:48:00,2026-02-16,2026-02-16 04:48:00,2.8,DELIVERED
841,841,Delhivery,2026-03-17 18:40:00,2026-03-20,2026-03-23 06:40:00,2.29,DELIVERED
842,842,DTDC,2026-04-16 13:21:00,2026-04-19,2026-04-19 16:21:00,3.62,DELIVERED
843,843,BlueDart,2026-05-02 22:36:00,2026-05-06,2026-05-07 06:36:00,4.65,DELIVERED
844,844,Delhivery,2026-05-15 18:51:00,2026-05-19,2026-05-20 03:51:00,6.48,DELIVERED
845,845,DTDC,2026-05-16 09:16:00,2026-05-21,2026-05-22 14:16:00,4.71,DELIVERED
846,846,BlueDart,,,,0.0,CANCELLED
847,847,BlueDart,2026-06-17 14:12:00,2026-06-20,2026-06-25 19:12:00,5.13,DELIVERED
848,848,DTDC,2026-02-07 18:37:00,2026-02-12,2026-02-15 20:37:00,6.19,DELIVERED
849,849,Delhivery,2026-04-30 20:13:00,2026-05-05,2026-05-05 03:13:00,3.56,DELIVERED
850,850,DTDC,2026-06-09 18:58:00,2026-06-15,2026-06-15 06:58:00,6.62,DELIVERED
851,851,DTDC,2026-02-28 14:14:00,2026-03-03,2026-03-03 15:14:00,2.7,DELIVERED
852,852,DTDC,2026-03-21 14:40:00,2026-03-27,2026-03-25 21:40:00,3.73,DELIVERED
853,853,BlueDart,2026-05-03 22:18:00,2026-05-08,2026-05-09 10:18:00,2.99,DELIVERED
854,854,DTDC,2026-01-25 22:39:00,2026-01-28,2026-01-29 07:39:00,2.67,DELIVERED
855,855,DTDC,2026-03-20 08:01:00,2026-03-25,2026-03-22 10:01:00,6.11,DELIVERED
856,856,Ecom Express,2026-04-30 19:30:00,2026-05-04,2026-05-05 01:30:00,6.72,DELIVERED
857,857,BlueDart,2026-04-02 19:48:00,2026-04-05,2026-04-06 02:48:00,6.35,DELIVERED
858,858,DTDC,2026-06-15 10:51:00,2026-06-18,2026-06-21 19:51:00,2.12,RETURNED
859,859,DTDC,2026-02-16 12:56:00,2026-02-22,2026-02-22 21:56:00,6.03,DELIVERED
860,860,Ecom Express,2026-03-25 22:23:00,2026-03-31,2026-04-01 02:23:00,4.24,DELIVERED
861,861,Delhivery,2026-05-04 12:42:00,2026-05-09,2026-05-09 20:42:00,2.25,DELIVERED
862,862,DTDC,2026-05-13 15:13:00,2026-05-19,2026-05-18 19:13:00,2.72,DELIVERED
863,863,DTDC,,,,0.0,CANCELLED
864,864,Ecom Express,,,,0.0,CANCELLED
865,865,DTDC,2026-03-19 19:03:00,2026-03-25,2026-03-26 05:03:00,2.59,DELIVERED
866,866,Ecom Express,2026-04-11 18:29:00,2026-04-14,2026-04-17 00:29:00,3.11,DELIVERED
867,867,Ecom Express,2026-05-19 17:42:00,2026-05-22,2026-05-22 18:42:00,2.4,DELIVERED
868,868,Ecom Express,2026-02-09 15:34:00,2026-02-14,2026-02-13 16:34:00,2.84,DELIVERED
869,869,DTDC,2026-02-09 17:59:00,2026-02-13,2026-02-12 00:59:00,5.49,DELIVERED
870,870,BlueDart,2026-02-24 20:56:00,2026-02-28,2026-02-27 22:56:00,4.61,DELIVERED
871,871,Ecom Express,2026-03-03 22:42:00,2026-03-06,2026-03-07 05:42:00,4.74,DELIVERED
872,872,BlueDart,2026-02-26 13:09:00,2026-03-04,2026-03-03 14:09:00,3.58,DELIVERED
873,873,Delhivery,2026-06-12 14:02:00,2026-06-17,2026-06-17 00:02:00,5.18,DELIVERED
874,874,Delhivery,2026-03-23 18:32:00,2026-03-26,2026-03-29 01:32:00,3.64,DELIVERED
875,875,BlueDart,2026-04-24 13:19:00,2026-04-28,2026-04-27 23:19:00,4.34,DELIVERED
876,876,BlueDart,2026-05-08 22:35:00,2026-05-13,2026-05-13 05:35:00,5.78,DELIVERED
877,877,Ecom Express,2026-03-13 09:19:00,2026-03-16,2026-03-17 16:19:00,3.78,DELIVERED
878,878,DTDC,2026-01-16 14:39:00,2026-01-22,2026-01-23 19:39:00,4.71,DELIVERED
879,879,Delhivery,2026-02-23 20:38:00,2026-02-26,2026-02-27 03:38:00,2.5,DELIVERED
880,880,Delhivery,2026-03-13 14:20:00,2026-03-16,2026-03-16 16:20:00,2.72,DELIVERED
881,881,Delhivery,2026-05-02 18:42:00,2026-05-06,2026-05-08 01:42:00,5.43,DELIVERED
882,882,BlueDart,2026-06-29 10:58:00,2026-07-02,2026-07-02 20:58:00,2.36,DELIVERED
883,883,DTDC,2026-04-09 20:35:00,2026-04-13,2026-04-12 22:35:00,6.89,DELIVERED
884,884,DTDC,2026-04-25 11:17:00,2026-04-30,2026-04-29 23:17:00,3.39,DELIVERED
885,885,Delhivery,2026-06-22 13:18:00,2026-06-25,2026-06-25 19:18:00,5.56,DELIVERED
886,886,DTDC,2026-03-09 15:02:00,2026-03-14,2026-03-16 00:02:00,4.15,DELIVERED
887,887,Delhivery,2026-05-18 15:43:00,2026-05-23,2026-05-25 01:43:00,5.28,DELIVERED
888,888,BlueDart,2026-06-07 21:23:00,2026-06-11,2026-06-12 03:23:00,3.68,DELIVERED
889,889,BlueDart,2026-05-04 22:53:00,2026-05-08,2026-05-07 03:53:00,4.29,DELIVERED
890,890,BlueDart,2026-05-27 11:49:00,2026-06-02,2026-05-30 15:49:00,3.56,DELIVERED
891,891,BlueDart,2026-06-18 09:51:00,2026-06-24,2026-06-24 14:51:00,5.53,DELIVERED
892,892,Delhivery,2026-05-28 14:34:00,2026-06-02,2026-06-03 20:34:00,6.95,DELIVERED
893,893,Delhivery,2026-06-29 22:28:00,2026-07-03,2026-07-03 03:28:00,2.24,DELIVERED
894,894,BlueDart,,,,0.0,CANCELLED
895,895,BlueDart,,,,0.0,CANCELLED
896,896,Delhivery,2026-01-23 13:40:00,2026-01-29,2026-01-27 19:40:00,5.5,DELIVERED
897,897,Ecom Express,2026-02-18 20:30:00,2026-02-22,2026-02-23 08:30:00,5.58,DELIVERED
898,898,Delhivery,2026-06-20 19:40:00,2026-06-26,2026-06-23 20:40:00,3.13,DELIVERED
899,899,Ecom Express,2026-03-24 13:37:00,2026-03-30,2026-03-30 16:37:00,2.32,DELIVERED
900,900,Ecom Express,2026-06-11 10:34:00,2026-06-16,2026-06-18 22:34:00,4.74,DELIVERED
901,901,Ecom Express,2026-05-28 12:24:00,2026-06-03,2026-05-31 16:24:00,5.07,DELIVERED
902,902,Ecom Express,2026-04-23 13:16:00,2026-04-29,2026-04-28 00:16:00,6.72,DELIVERED
903,903,DTDC,2026-04-23 14:33:00,2026-04-28,2026-04-27 16:33:00,2.35,DELIVERED
904,904,BlueDart,2026-06-29 19:44:00,2026-07-05,2026-07-02 05:44:00,2.69,DELIVERED
905,905,DTDC,2026-05-20 08:34:00,2026-05-23,2026-05-25 10:34:00,4.37,DELIVERED
906,906,Ecom Express,2026-06-26 09:32:00,2026-06-29,2026-07-03 18:32:00,6.89,DELIVERED
907,907,Delhivery,2026-02-06 14:19:00,2026-02-12,2026-02-09 16:19:00,3.19,DELIVERED
908,908,Ecom Express,2026-05-02 14:23:00,2026-05-07,2026-05-05 21:23:00,4.86,DELIVERED
909,909,Delhivery,2026-06-13 19:27:00,2026-06-17,2026-06-21 05:27:00,4.6,DELIVERED
910,910,Delhivery,,,,0.0,CANCELLED
911,911,Delhivery,2026-02-21 19:38:00,2026-02-25,2026-02-26 01:38:00,2.23,RETURNED
912,912,DTDC,2026-03-09 19:45:00,2026-03-14,2026-03-12 03:45:00,2.44,DELIVERED
913,913,Delhivery,2026-04-16 20:34:00,2026-04-21,2026-04-20 23:34:00,3.72,DELIVERED
914,914,BlueDart,2026-03-03 19:16:00,2026-03-09,2026-03-07 02:16:00,6.3,DELIVERED
915,915,DTDC,2026-03-13 19:02:00,2026-03-19,2026-03-18 22:02:00,6.73,DELIVERED
916,916,BlueDart,2026-04-12 17:52:00,2026-04-17,2026-04-16 18:52:00,2.01,DELIVERED
917,917,Ecom Express,2026-05-21 09:57:00,2026-05-27,2026-05-23 17:57:00,5.31,DELIVERED
918,918,Ecom Express,2026-06-17 15:47:00,2026-06-20,2026-06-21 02:47:00,6.37,DELIVERED
919,919,Ecom Express,2026-05-22 19:22:00,2026-05-25,2026-05-27 06:22:00,3.23,DELIVERED
920,920,DTDC,2026-06-30 14:00:00,2026-07-05,2026-07-08 23:00:00,3.22,DELIVERED
921,921,DTDC,2026-03-16 20:48:00,2026-03-19,2026-03-20 22:48:00,3.17,DELIVERED
922,922,Ecom Express,2026-05-11 18:10:00,2026-05-15,2026-05-17 19:10:00,5.19,DELIVERED
923,923,BlueDart,2026-05-25 14:22:00,2026-05-28,2026-05-27 18:22:00,4.64,DELIVERED
924,924,BlueDart,2026-06-28 20:16:00,2026-07-01,2026-07-04 00:16:00,2.16,DELIVERED
925,925,DTDC,2026-06-27 14:44:00,2026-07-03,2026-07-01 23:44:00,4.86,DELIVERED
926,926,DTDC,2026-03-29 13:23:00,2026-04-02,2026-04-02 15:23:00,6.25,DELIVERED
927,927,Ecom Express,2026-04-23 22:55:00,2026-04-27,2026-05-01 02:55:00,2.54,DELIVERED
928,928,DTDC,2026-05-01 11:41:00,2026-05-06,2026-05-04 22:41:00,2.49,DELIVERED
929,929,DTDC,2026-02-12 20:12:00,2026-02-17,2026-02-17 00:12:00,2.28,DELIVERED
930,930,Ecom Express,2026-03-26 10:15:00,2026-03-31,2026-03-31 14:15:00,4.22,DELIVERED
931,931,Delhivery,2026-04-05 12:11:00,2026-04-11,2026-04-09 23:11:00,3.52,DELIVERED
932,932,Ecom Express,2026-04-27 17:58:00,2026-05-02,2026-05-01 05:58:00,5.83,DELIVERED
933,933,Ecom Express,2026-04-01 13:40:00,2026-04-07,2026-04-06 21:40:00,3.2,DELIVERED
934,934,DTDC,2026-06-27 13:49:00,2026-07-01,2026-07-01 15:49:00,3.05,DELIVERED
935,935,DTDC,2026-03-19 09:38:00,2026-03-22,2026-03-25 19:38:00,5.62,DELIVERED
936,936,Ecom Express,2026-04-06 17:07:00,2026-04-12,2026-04-12 03:07:00,5.2,DELIVERED
937,937,BlueDart,2026-01-12 21:27:00,2026-01-16,2026-01-17 23:27:00,3.86,DELIVERED
938,938,DTDC,2026-01-25 14:21:00,2026-01-31,2026-01-31 19:21:00,4.09,DELIVERED
939,939,BlueDart,2026-02-01 13:06:00,2026-02-05,2026-02-08 01:06:00,6.17,DELIVERED
940,940,BlueDart,2026-03-01 22:31:00,2026-03-05,2026-03-08 03:31:00,2.68,DELIVERED
941,941,DTDC,2026-02-08 15:11:00,2026-02-14,2026-02-11 21:11:00,5.87,DELIVERED
942,942,Ecom Express,2026-06-21 16:51:00,2026-06-26,2026-06-30 00:51:00,2.68,DELIVERED
943,943,Ecom Express,2026-02-27 18:54:00,2026-03-04,2026-03-04 22:54:00,5.46,DELIVERED
944,944,DTDC,2026-04-10 16:44:00,2026-04-13,2026-04-14 00:44:00,2.22,DELIVERED
945,945,Delhivery,2026-05-22 20:54:00,2026-05-25,2026-05-29 04:54:00,5.11,DELIVERED
946,946,DTDC,,,,4.19,PROCESSING
947,947,DTDC,2026-04-10 13:41:00,2026-04-14,2026-04-13 01:41:00,2.58,DELIVERED
948,948,Ecom Express,2026-05-20 20:20:00,2026-05-25,2026-05-27 06:20:00,2.26,DELIVERED
949,949,Ecom Express,2026-06-08 12:55:00,2026-06-12,2026-06-11 22:55:00,3.59,DELIVERED
