session_date,channel_id,sessions,add_to_carts,checkouts,conversions
2026-01-01,1,1260,145,78,39
2026-01-01,2,1390,139,64,42
2026-01-01,3,717,104,49,40
2026-01-01,4,760,89,41,32
2026-01-01,5,434,56,28,11
2026-01-01,6,965,125,65,40
2026-01-02,1,1622,188,97,59
2026-01-02,2,1472,177,103,44
2026-01-02,3,681,103,57,28
2026-01-02,4,650,81,48,27
2026-01-02,5,494,75,40,11
2026-01-02,6,827,123,63,29
2026-01-03,1,1474,172,100,42
2026-01-03,2,1554,220,101,40
2026-01-03,3,583,62,36,31
2026-01-03,4,778,117,62,33
2026-01-03,5,494,68,34,11
2026-01-03,6,1060,112,52,35
2026-01-04,1,1816,224,131,64
2026-01-04,2,1545,238,123,40
2026-01-04,3,691,76,39,32
2026-01-04,4,716,85,42,29
2026-01-04,5,429,60,34,10
2026-01-04,6,1110,131,61,43
2026-01-05,1,1340,191,89,46
2026-01-05,2,1685,229,113,44
2026-01-05,3,722,83,45,42
2026-01-05,4,944,147,72,45
2026-01-05,5,515,77,44,12
2026-01-05,6,955,133,74,36
2026-01-06,1,1962,278,161,63
2026-01-06,2,1185,168,88,31
2026-01-06,3,705,89,44,38
2026-01-06,4,949,116,54,36
2026-01-06,5,406,41,20,9
2026-01-06,6,1237,164,93,54
2026-01-07,1,1585,239,123,49
2026-01-07,2,1263,134,73,34
2026-01-07,3,533,62,29,27
2026-01-07,4,869,99,46,42
2026-01-07,5,430,68,38,10
2026-01-07,6,1107,173,88,40
2026-01-08,1,1409,148,70,41
2026-01-08,2,1411,219,104,41
2026-01-08,3,780,95,56,40
2026-01-08,4,776,93,49,27
2026-01-08,5,396,49,23,11
2026-01-08,6,919,102,49,32
2026-01-09,1,1434,194,110,46
2026-01-09,2,1350,180,104,36
2026-01-09,3,707,82,41,37
2026-01-09,4,696,98,48,32
2026-01-09,5,458,56,26,11
2026-01-09,6,939,97,48,36
2026-01-10,1,1488,222,119,42
2026-01-10,2,1717,194,109,52
2026-01-10,3,742,74,37,40
2026-01-10,4,759,87,48,30
2026-01-10,5,445,46,21,13
2026-01-10,6,971,103,47,39
2026-01-11,1,1583,233,110,53
2026-01-11,2,1286,178,89,39
2026-01-11,3,746,76,41,32
2026-01-11,4,890,114,53,31
2026-01-11,5,531,73,35,16
2026-01-11,6,1265,177,99,42
2026-01-12,1,1984,216,107,59
2026-01-12,2,1233,166,75,39
2026-01-12,3,607,92,43,28
2026-01-12,4,749,118,55,26
2026-01-12,5,614,76,36,16
2026-01-12,6,1240,130,70,45
2026-01-13,1,1676,171,90,58
2026-01-13,2,1274,150,79,35
2026-01-13,3,604,88,45,26
2026-01-13,4,871,124,60,36
2026-01-13,5,550,61,35,13
2026-01-13,6,944,143,78,39
2026-01-14,1,1786,231,134,61
2026-01-14,2,1474,183,106,41
2026-01-14,3,801,85,50,44
2026-01-14,4,740,112,62,31
2026-01-14,5,442,59,26,11
2026-01-14,6,1315,145,78,42
2026-01-15,1,1694,193,100,59
2026-01-15,2,1791,200,92,49
2026-01-15,3,754,114,57,41
2026-01-15,4,881,97,55,36
2026-01-15,5,484,50,26,15
2026-01-15,6,1103,123,57,46
2026-01-16,1,1541,227,103,47
2026-01-16,2,1363,180,82,39
2026-01-16,3,603,87,39,26
2026-01-16,4,888,119,56,38
2026-01-16,5,570,62,29,17
2026-01-16,6,1110,156,83,44
2026-01-17,1,1518,242,126,49
2026-01-17,2,1705,218,100,42
2026-01-17,3,677,95,50,37
2026-01-17,4,826,120,59,38
2026-01-17,5,537,75,40,13
2026-01-17,6,989,152,73,34
2026-01-18,1,1657,188,111,65
2026-01-18,2,1672,222,131,55
2026-01-18,3,620,80,44,32
2026-01-18,4,993,116,53,45
2026-01-18,5,503,79,38,12
2026-01-18,6,1335,141,63,47
2026-01-19,1,2024,263,126,79
2026-01-19,2,1795,184,105,56
2026-01-19,3,818,125,61,39
2026-01-19,4,842,95,51,37
2026-01-19,5,638,74,41,19
2026-01-19,6,1113,136,71,45
2026-01-20,1,2063,271,151,67
2026-01-20,2,1462,204,116,42
2026-01-20,3,836,122,64,43
2026-01-20,4,1006,114,52,48
2026-01-20,5,615,97,56,15
2026-01-20,6,1293,174,92,55
2026-01-21,1,1614,177,84,63
2026-01-21,2,1761,196,106,44
2026-01-21,3,591,81,42,31
2026-01-21,4,738,78,45,25
2026-01-21,5,606,87,51,18
2026-01-21,6,1131,119,56,46
2026-01-22,1,1934,232,117,70
2026-01-22,2,1456,211,102,45
2026-01-22,3,690,82,44,34
2026-01-22,4,1049,143,74,37
2026-01-22,5,572,66,30,13
2026-01-22,6,1277,169,89,42
2026-01-23,1,1646,243,128,58
2026-01-23,2,1538,188,111,41
2026-01-23,3,779,79,40,42
2026-01-23,4,896,100,53,36
2026-01-23,5,475,55,31,12
2026-01-23,6,1309,154,71,51
2026-01-24,1,1552,231,129,51
2026-01-24,2,1517,201,103,41
2026-01-24,3,772,80,42,35
2026-01-24,4,1067,150,84,51
2026-01-24,5,491,59,26,15
2026-01-24,6,1275,166,89,51
2026-01-25,1,2123,273,128,69
2026-01-25,2,1692,237,114,46
2026-01-25,3,722,89,44,37
2026-01-25,4,1005,113,56,43
2026-01-25,5,623,75,39,14
2026-01-25,6,1267,157,74,50
2026-01-26,1,1791,268,157,64
2026-01-26,2,1795,263,155,48
2026-01-26,3,747,79,36,38
2026-01-26,4,771,95,51,36
2026-01-26,5,589,63,34,13
2026-01-26,6,959,126,70,40
2026-01-27,1,1732,274,152,49
2026-01-27,2,1738,199,111,48
2026-01-27,3,810,106,48,37
2026-01-27,4,947,145,78,44
2026-01-27,5,585,70,37,17
2026-01-27,6,1035,106,56,35
2026-01-28,1,1711,248,119,55
2026-01-28,2,1527,164,89,45
2026-01-28,3,785,118,69,40
2026-01-28,4,969,139,80,41
2026-01-28,5,435,45,22,9
2026-01-28,6,1148,155,84,43
2026-01-29,1,2182,225,130,80
2026-01-29,2,1277,149,75,39
2026-01-29,3,672,88,41,30
2026-01-29,4,841,101,60,38
2026-01-29,5,479,75,43,11
2026-01-29,6,1077,162,78,34
2026-01-30,1,1752,235,112,54
2026-01-30,2,1566,185,90,43
2026-01-30,3,609,71,33,28
2026-01-30,4,979,131,62,47
2026-01-30,5,634,64,36,15
2026-01-30,6,1253,125,73,43
2026-01-31,1,1798,248,119,57
2026-01-31,2,1587,246,111,47
2026-01-31,3,619,84,42,29
2026-01-31,4,866,107,59,38
2026-01-31,5,433,65,35,10
2026-01-31,6,1025,106,63,35
2026-02-01,1,1809,182,94,54
2026-02-01,2,1657,177,87,41
2026-02-01,3,602,92,44,25
2026-02-01,4,875,99,45,32
2026-02-01,5,598,64,28,15
2026-02-01,6,1022,116,53,38
2026-02-02,1,1797,244,138,58
2026-02-02,2,1833,210,99,49
2026-02-02,3,605,94,55,31
2026-02-02,4,981,115,53,40
2026-02-02,5,441,45,21,11
2026-02-02,6,1029,106,50,41
2026-02-03,1,1819,250,141,57
2026-02-03,2,1496,209,118,42
2026-02-03,3,613,79,36,28
2026-02-03,4,1039,128,59,37
2026-02-03,5,489,57,27,15
2026-02-03,6,1298,148,78,44
2026-02-04,1,1476,155,83,41
2026-02-04,2,1414,188,100,38
2026-02-04,3,737,84,49,33
2026-02-04,4,708,111,65,33
2026-02-04,5,492,72,39,15
2026-02-04,6,1321,161,87,45
2026-02-05,1,1974,288,133,75
2026-02-05,2,1288,139,68,37
2026-02-05,3,574,67,31,31
2026-02-05,4,879,108,51,39
2026-02-05,5,539,55,25,16
2026-02-05,6,1276,127,68,44
2026-02-06,1,1775,216,98,57
2026-02-06,2,1547,180,91,45
2026-02-06,3,571,59,33,26
2026-02-06,4,995,113,65,39
2026-02-06,5,597,80,39,17
2026-02-06,6,1068,161,83,41
2026-02-07,1,1901,274,129,62
2026-02-07,2,1724,273,156,53
2026-02-07,3,662,102,59,32
2026-02-07,4,951,117,64,33
2026-02-07,5,422,60,27,10
2026-02-07,6,1059,123,56,35
2026-02-08,1,2029,270,136,64
2026-02-08,2,1415,187,98,40
2026-02-08,3,774,86,45,39
2026-02-08,4,744,74,40,34
2026-02-08,5,576,84,40,17
2026-02-08,6,940,144,75,32
2026-02-09,1,1791,237,112,51
2026-02-09,2,1354,154,78,35
2026-02-09,3,579,76,41,31
2026-02-09,4,974,112,65,37
2026-02-09,5,547,68,34,15
2026-02-09,6,1047,116,55,34
2026-02-10,1,1888,218,99,55
2026-02-10,2,1654,261,126,55
2026-02-10,3,750,83,44,37
2026-02-10,4,980,144,73,45
2026-02-10,5,431,55,27,11
2026-02-10,6,1252,126,75,55
2026-02-11,1,1983,276,153,56
2026-02-11,2,1685,179,95,46
2026-02-11,3,545,68,34,24
2026-02-11,4,881,137,74,34
2026-02-11,5,420,53,30,11
2026-02-11,6,1279,136,71,40
2026-02-12,1,1440,185,97,42
2026-02-12,2,1370,219,127,43
2026-02-12,3,632,81,39,31
2026-02-12,4,729,105,60,32
2026-02-12,5,473,56,25,13
2026-02-12,6,995,157,80,42
2026-02-13,1,1855,261,124,65
2026-02-13,2,1707,210,103,51
2026-02-13,3,726,90,50,41
2026-02-13,4,814,117,56,35
2026-02-13,5,470,49,28,14
2026-02-13,6,953,151,79,35
2026-02-14,1,1866,279,148,63
2026-02-14,2,1423,217,108,45
2026-02-14,3,751,78,42,34
2026-02-14,4,714,93,44,25
2026-02-14,5,474,60,27,13
2026-02-14,6,1076,125,63,38
2026-02-15,1,1687,239,118,63
2026-02-15,2,1181,165,93,31
2026-02-15,3,573,69,33,28
2026-02-15,4,950,137,76,35
2026-02-15,5,468,69,37,14
2026-02-15,6,1186,144,65,42
2026-02-16,1,1839,280,167,70
2026-02-16,2,1617,241,126,56
2026-02-16,3,658,103,56,31
2026-02-16,4,894,112,51,35
2026-02-16,5,452,69,38,11
2026-02-16,6,980,144,77,41
2026-02-17,1,1870,280,136,62
2026-02-17,2,1467,181,105,47
2026-02-17,3,760,118,54,37
2026-02-17,4,744,87,39,35
2026-02-17,5,503,69,37,13
2026-02-17,6,1170,176,84,40
2026-02-18,1,1728,208,102,64
2026-02-18,2,1412,210,122,40
2026-02-18,3,520,60,35,28
2026-02-18,4,625,66,35,25
2026-02-18,5,563,72,33,16
2026-02-18,6,864,120,70,30
2026-02-19,1,1530,183,98,56
2026-02-19,2,1435,221,116,41
2026-02-19,3,602,61,33,31
2026-02-19,4,633,82,41,24
2026-02-19,5,466,73,34,13
2026-02-19,6,901,128,76,37
2026-02-20,1,1245,157,80,43
2026-02-20,2,1298,177,82,36
2026-02-20,3,701,84,47,35
2026-02-20,4,620,98,46,29
2026-02-20,5,376,47,23,11
2026-02-20,6,984,121,68,32
2026-02-21,1,1753,180,101,63
2026-02-21,2,1081,146,78,29
2026-02-21,3,637,98,44,36
2026-02-21,4,889,127,67,37
2026-02-21,5,493,55,31,11
2026-02-21,6,1013,112,58,41
2026-02-22,1,1295,162,79,48
2026-02-22,2,1283,135,68,44
2026-02-22,3,726,100,53,34
2026-02-22,4,698,96,49,31
2026-02-22,5,425,43,22,11
2026-02-22,6,805,124,61,28
2026-02-23,1,1480,216,120,45
2026-02-23,2,1170,154,84,40
2026-02-23,3,710,96,54,40
2026-02-23,4,638,77,39,27
2026-02-23,5,439,65,29,12
2026-02-23,6,959,105,59,30
2026-02-24,1,1661,221,117,62
2026-02-24,2,1428,173,90,39
2026-02-24,3,711,109,65,40
2026-02-24,4,776,110,56,34
2026-02-24,5,450,51,26,12
2026-02-24,6,919,127,58,33
2026-02-25,1,1669,198,106,58
2026-02-25,2,1524,165,78,40
2026-02-25,3,575,67,31,25
2026-02-25,4,798,85,44,31
2026-02-25,5,489,52,25,14
2026-02-25,6,801,101,51,33
2026-02-26,1,1504,151,82,54
2026-02-26,2,1039,108,63,33
2026-02-26,3,551,86,45,30
2026-02-26,4,680,105,61,31
2026-02-26,5,459,52,24,13
2026-02-26,6,889,112,57,38
2026-02-27,1,1611,162,83,49
2026-02-27,2,1359,187,97,35
2026-02-27,3,474,68,31,23
2026-02-27,4,836,133,62,39
2026-02-27,5,455,56,29,13
2026-02-27,6,971,101,46,38
2026-02-28,1,1148,154,88,35
2026-02-28,2,1198,176,80,39
2026-02-28,3,650,73,33,32
2026-02-28,4,631,83,37,26
2026-02-28,5,417,47,27,11
2026-02-28,6,730,112,56,28
2026-03-01,1,1135,167,80,43
2026-03-01,2,1019,130,74,33
2026-03-01,3,570,74,40,32
2026-03-01,4,763,79,42,29
2026-03-01,5,454,62,33,13
2026-03-01,6,979,117,56,34
2026-03-02,1,1290,138,80,50
2026-03-02,2,972,104,61,30
2026-03-02,3,482,49,22,23
2026-03-02,4,789,102,50,29
2026-03-02,5,433,55,27,12
2026-03-02,6,1030,148,85,32
2026-03-03,1,1356,172,92,50
2026-03-03,2,1026,143,73,33
2026-03-03,3,513,74,33,26
2026-03-03,4,553,81,42,25
2026-03-03,5,456,57,32,10
2026-03-03,6,777,79,38,33
2026-03-04,1,1313,186,86,44
2026-03-04,2,1126,157,90,29
2026-03-04,3,512,74,43,25
2026-03-04,4,709,84,39,28
2026-03-04,5,336,45,23,9
2026-03-04,6,955,152,86,42
2026-03-05,1,1099,158,72,43
2026-03-05,2,1238,151,72,38
2026-03-05,3,575,72,41,24
2026-03-05,4,692,101,45,31
2026-03-05,5,457,60,33,10
2026-03-05,6,756,94,46,31
2026-03-06,1,1360,168,76,45
2026-03-06,2,1279,157,84,34
2026-03-06,3,462,47,21,21
2026-03-06,4,546,58,33,22
2026-03-06,5,425,57,25,12
2026-03-06,6,863,120,61,29
2026-03-07,1,1511,227,111,57
2026-03-07,2,1066,147,71,34
2026-03-07,3,546,80,39,31
2026-03-07,4,556,69,31,19
2026-03-07,5,404,40,18,11
2026-03-07,6,909,98,51,30
2026-03-08,1,1098,112,52,31
2026-03-08,2,1240,148,83,35
2026-03-08,3,620,88,42,32
2026-03-08,4,518,68,37,19
2026-03-08,5,357,56,25,10
2026-03-08,6,801,117,58,29
2026-03-09,1,1118,163,88,35
2026-03-09,2,1024,141,77,34
2026-03-09,3,467,54,31,26
2026-03-09,4,731,74,41,29
2026-03-09,5,426,51,28,10
2026-03-09,6,783,118,54,25
2026-03-10,1,1174,140,64,40
2026-03-10,2,997,148,71,34
2026-03-10,3,457,51,27,21
2026-03-10,4,639,99,59,25
2026-03-10,5,367,46,23,9
2026-03-10,6,698,76,43,24
2026-03-11,1,1530,226,107,47
2026-03-11,2,1282,188,93,43
2026-03-11,3,469,52,30,20
2026-03-11,4,676,67,37,28
2026-03-11,5,446,69,33,13
2026-03-11,6,667,74,43,27
2026-03-12,1,1273,166,92,40
2026-03-12,2,1061,164,95,33
2026-03-12,3,579,71,38,29
2026-03-12,4,686,74,34,24
2026-03-12,5,408,49,27,12
2026-03-12,6,811,115,52,32
2026-03-13,1,1371,177,104,42
2026-03-13,2,1217,155,83,35
2026-03-13,3,491,53,24,28
2026-03-13,4,565,86,48,20
2026-03-13,5,449,52,24,10
2026-03-13,6,692,95,47,25
2026-03-14,1,1027,126,66,35
2026-03-14,2,912,122,72,22
2026-03-14,3,449,56,32,24
2026-03-14,4,697,71,37,27
2026-03-14,5,391,51,26,10
2026-03-14,6,861,113,67,27
2026-03-15,1,1298,131,67,43
2026-03-15,2,1299,186,109,45
2026-03-15,3,465,60,32,20
2026-03-15,4,504,66,33,22
2026-03-15,5,354,36,17,9
2026-03-15,6,958,101,53,30
2026-03-16,1,1520,211,118,45
2026-03-16,2,984,115,61,25
2026-03-16,3,587,84,47,30
2026-03-16,4,576,71,33,20
2026-03-16,5,400,42,21,11
2026-03-16,6,837,129,62,28
2026-03-17,1,1454,205,109,57
2026-03-17,2,1076,145,70,30
2026-03-17,3,520,72,39,26
2026-03-17,4,593,64,30,26
2026-03-17,5,349,47,24,7
2026-03-17,6,928,108,60,33
2026-03-18,1,1294,185,106,45
2026-03-18,2,1226,150,76,31
2026-03-18,3,460,54,26,19
2026-03-18,4,744,104,57,34
2026-03-18,5,410,62,32,12
2026-03-18,6,912,107,60,40
2026-03-19,1,1187,131,67,39
2026-03-19,2,921,94,51,29
2026-03-19,3,574,66,39,32
2026-03-19,4,714,78,36,27
2026-03-19,5,368,52,24,9
2026-03-19,6,689,95,42,25
2026-03-20,1,1075,169,93,35
2026-03-20,2,991,123,70,32
2026-03-20,3,539,72,40,26
2026-03-20,4,703,76,37,30
2026-03-20,5,414,46,20,12
2026-03-20,6,709,103,51,29
2026-03-21,1,1093,148,70,34
2026-03-21,2,1000,117,64,29
2026-03-21,3,601,90,43,34
2026-03-21,4,534,74,38,19
2026-03-21,5,385,50,29,11
2026-03-21,6,655,85,40,28
2026-03-22,1,1357,216,126,49
2026-03-22,2,1068,126,62,34
2026-03-22,3,555,70,33,26
2026-03-22,4,659,85,44,26
2026-03-22,5,412,46,27,10
2026-03-22,6,681,75,43,28
2026-03-23,1,1493,159,90,49
2026-03-23,2,1111,156,91,37
2026-03-23,3,614,80,36,30
2026-03-23,4,664,74,37,27
2026-03-23,5,342,40,18,8
2026-03-23,6,657,80,44,23
2026-03-24,1,1311,184,83,38
2026-03-24,2,1074,125,70,34
2026-03-24,3,537,59,30,25
2026-03-24,4,653,94,52,25
2026-03-24,5,449,71,37,11
2026-03-24,6,681,99,46,25
2026-03-25,1,1104,138,71,31
2026-03-25,2,983,145,78,30
2026-03-25,3,425,45,23,18
2026-03-25,4,686,81,41,31
2026-03-25,5,440,49,25,12
2026-03-25,6,743,78,37,30
2026-03-26,1,1347,178,97,49
2026-03-26,2,1056,141,71,29
2026-03-26,3,492,77,43,25
2026-03-26,4,581,73,34,24
2026-03-26,5,400,56,28,12
2026-03-26,6,671,70,33,22
2026-03-27,1,1202,174,101,40
2026-03-27,2,1033,147,85,29
2026-03-27,3,424,57,31,21
2026-03-27,4,559,75,38,20
2026-03-27,5,332,51,25,8
2026-03-27,6,693,96,49,27
2026-03-28,1,1465,208,106,42
2026-03-28,2,1341,199,94,36
2026-03-28,3,572,60,35,26
2026-03-28,4,573,84,49,27
2026-03-28,5,402,47,25,9
2026-03-28,6,858,137,64,33
2026-03-29,1,1216,144,64,46
2026-03-29,2,1357,179,103,34
2026-03-29,3,621,92,49,30
2026-03-29,4,586,72,34,24
2026-03-29,5,338,40,23,9
2026-03-29,6,944,136,71,34
2026-03-30,1,1093,113,57,34
2026-03-30,2,976,104,60,27
2026-03-30,3,644,102,46,34
2026-03-30,4,608,78,43,29
2026-03-30,5,456,65,38,10
2026-03-30,6,756,104,53,29
2026-03-31,1,1418,165,94,46
2026-03-31,2,1227,181,101,36
2026-03-31,3,483,70,37,27
2026-03-31,4,696,72,32,30
2026-03-31,5,388,60,32,10
2026-03-31,6,724,94,43,23
2026-04-01,1,1156,151,85,38
2026-04-01,2,1297,167,88,33
2026-04-01,3,498,75,43,25
2026-04-01,4,795,92,55,35
2026-04-01,5,442,58,26,11
2026-04-01,6,1010,140,77,33
2026-04-02,1,1450,160,73,57
2026-04-02,2,1028,151,73,34
2026-04-02,3,550,63,33,28
2026-04-02,4,550,66,37,21
2026-04-02,5,465,59,34,12
2026-04-02,6,834,99,58,36
2026-04-03,1,1391,180,87,46
2026-04-03,2,1447,156,85,50
2026-04-03,3,625,93,42,34
2026-04-03,4,702,82,39,32
2026-04-03,5,409,60,34,9
2026-04-03,6,958,125,59,39
2026-04-04,1,1616,210,115,49
2026-04-04,2,1131,131,76,32
2026-04-04,3,558,59,30,23
2026-04-04,4,772,100,56,35
2026-04-04,5,392,52,26,9
2026-04-04,6,754,99,47,30
2026-04-05,1,1191,140,63,42
2026-04-05,2,1388,160,75,44
2026-04-05,3,484,54,32,23
2026-04-05,4,702,71,37,25
2026-04-05,5,359,42,20,10
2026-04-05,6,791,126,74,28
2026-04-06,1,1657,174,87,52
2026-04-06,2,1359,181,102,42
2026-04-06,3,685,81,42,37
2026-04-06,4,818,125,62,30
2026-04-06,5,375,54,26,9
2026-04-06,6,1059,152,71,37
2026-04-07,1,1714,239,109,66
2026-04-07,2,1485,155,73,48
2026-04-07,3,480,57,28,20
2026-04-07,4,726,74,39,28
2026-04-07,5,492,62,33,14
2026-04-07,6,873,122,63,36
2026-04-08,1,1651,244,135,49
2026-04-08,2,1494,226,125,39
2026-04-08,3,490,56,31,26
2026-04-08,4,839,121,68,36
2026-04-08,5,510,52,24,12
2026-04-08,6,911,138,72,29
2026-04-09,1,1332,150,83,39
2026-04-09,2,1210,142,80,41
2026-04-09,3,592,63,30,30
2026-04-09,4,649,65,30,23
2026-04-09,5,375,48,21,10
2026-04-09,6,949,116,67,31
2026-04-10,1,1564,199,92,53
2026-04-10,2,1373,177,99,42
2026-04-10,3,695,71,37,33
2026-04-10,4,771,103,61,28
2026-04-10,5,476,74,35,13
2026-04-10,6,1142,121,72,44
2026-04-11,1,1604,205,112,54
2026-04-11,2,1285,160,86,42
2026-04-11,3,604,76,42,29
2026-04-11,4,839,105,60,36
2026-04-11,5,505,74,40,12
2026-04-11,6,1073,119,58,45
2026-04-12,1,1624,240,137,50
2026-04-12,2,1171,150,72,30
2026-04-12,3,510,52,27,25
2026-04-12,4,623,70,36,23
2026-04-12,5,395,60,32,10
2026-04-12,6,843,133,78,35
2026-04-13,1,1373,164,95,53
2026-04-13,2,1512,170,84,44
2026-04-13,3,551,71,40,30
2026-04-13,4,850,97,57,37
2026-04-13,5,462,57,27,14
2026-04-13,6,1105,163,81,36
2026-04-14,1,1758,226,121,65
2026-04-14,2,1219,187,88,40
2026-04-14,3,743,88,49,33
2026-04-14,4,656,100,58,28
2026-04-14,5,426,51,29,12
2026-04-14,6,1051,162,91,44
2026-04-15,1,1447,145,65,52
2026-04-15,2,1525,238,120,45
2026-04-15,3,549,58,34,29
2026-04-15,4,897,106,62,40
2026-04-15,5,558,61,31,14
2026-04-15,6,1070,123,68,47
2026-04-16,1,1419,163,82,41
2026-04-16,2,1292,165,79,41
2026-04-16,3,541,65,33,22
2026-04-16,4,910,137,67,39
2026-04-16,5,396,57,28,12
2026-04-16,6,866,121,62,28
2026-04-17,1,1542,177,84,48
2026-04-17,2,1379,208,101,38
2026-04-17,3,702,87,49,34
2026-04-17,4,746,75,34,29
2026-04-17,5,501,53,30,12
2026-04-17,6,1206,145,81,48
2026-04-18,1,1846,214,105,59
2026-04-18,2,1219,187,107,33
2026-04-18,3,560,75,44,28
2026-04-18,4,892,109,54,40
2026-04-18,5,507,68,39,13
2026-04-18,6,905,104,57,33
2026-04-19,1,1933,259,151,61
2026-04-19,2,1612,187,98,46
2026-04-19,3,550,62,33,26
2026-04-19,4,708,85,46,31
2026-04-19,5,492,74,40,15
2026-04-19,6,1026,132,64,34
2026-04-20,1,1601,248,138,45
2026-04-20,2,1567,206,109,39
2026-04-20,3,550,65,34,27
2026-04-20,4,967,141,83,40
2026-04-20,5,418,46,26,9
2026-04-20,6,1123,114,53,40
2026-04-21,1,1426,225,102,42
2026-04-21,2,1593,184,84,39
2026-04-21,3,744,92,52,33
2026-04-21,4,690,79,36,25
2026-04-21,5,575,63,29,17
2026-04-21,6,1199,165,88,42
2026-04-22,1,1528,158,88,58
2026-04-22,2,1278,167,97,36
2026-04-22,3,627,98,45,36
2026-04-22,4,780,97,45,28
2026-04-22,5,522,70,40,15
2026-04-22,6,887,122,60,36
2026-04-23,1,2054,237,139,69
2026-04-23,2,1509,223,111,38
2026-04-23,3,810,83,48,40
2026-04-23,4,776,80,44,27
2026-04-23,5,602,84,39,18
2026-04-23,6,1212,174,91,47
2026-04-24,1,1693,247,113,59
2026-04-24,2,1475,153,81,51
2026-04-24,3,563,85,49,25
2026-04-24,4,859,128,60,34
2026-04-24,5,465,52,28,12
2026-04-24,6,1003,105,49,35
2026-04-25,1,1746,193,91,65
2026-04-25,2,1628,219,129,51
2026-04-25,3,586,90,52,32
2026-04-25,4,833,112,56,32
2026-04-25,5,589,87,41,14
2026-04-25,6,1250,183,84,45
2026-04-26,1,1865,212,122,68
2026-04-26,2,1590,173,87,40
2026-04-26,3,662,74,41,31
2026-04-26,4,894,116,63,35
2026-04-26,5,431,64,32,10
2026-04-26,6,1213,171,90,51
2026-04-27,1,2063,273,124,73
2026-04-27,2,1532,236,114,45
2026-04-27,3,732,102,53,39
2026-04-27,4,930,121,66,34
2026-04-27,5,633,78,46,16
2026-04-27,6,1253,127,69,44
2026-04-28,1,1889,282,158,72
2026-04-28,2,1418,177,82,48
2026-04-28,3,774,117,53,36
2026-04-28,4,791,106,56,27
2026-04-28,5,569,83,40,17
2026-04-28,6,1099,170,91,41
2026-04-29,1,1669,192,100,48
2026-04-29,2,1742,178,93,53
2026-04-29,3,735,83,45,31
2026-04-29,4,991,121,56,43
2026-04-29,5,521,56,27,13
2026-04-29,6,1253,173,98,45
2026-04-30,1,1877,263,140,54
2026-04-30,2,1274,189,112,36
2026-04-30,3,853,113,60,40
2026-04-30,4,876,114,52,40
2026-04-30,5,520,62,31,14
2026-04-30,6,1216,156,72,38
2026-05-01,1,2050,309,150,75
2026-05-01,2,1677,172,96,56
2026-05-01,3,883,103,52,40
2026-05-01,4,994,115,62,40
2026-05-01,5,617,90,43,19
2026-05-01,6,1221,138,82,52
2026-05-02,1,2061,239,141,63
2026-05-02,2,1708,195,98,43
2026-05-02,3,909,144,82,41
2026-05-02,4,949,127,59,38
2026-05-02,5,537,66,36,16
2026-05-02,6,1161,142,80,49
2026-05-03,1,1744,243,120,49
2026-05-03,2,1492,186,97,39
2026-05-03,3,853,101,52,39
2026-05-03,4,856,102,57,34
2026-05-03,5,505,70,32,14
2026-05-03,6,1044,144,74,42
2026-05-04,1,1755,261,156,53
2026-05-04,2,1766,253,123,60
2026-05-04,3,792,119,61,35
2026-05-04,4,1028,151,85,43
2026-05-04,5,488,57,30,13
2026-05-04,6,1091,153,91,37
2026-05-05,1,2128,309,139,72
2026-05-05,2,1492,182,92,49
2026-05-05,3,720,109,57,36
2026-05-05,4,925,107,56,35
2026-05-05,5,612,76,44,14
2026-05-05,6,1223,174,79,52
2026-05-06,1,1689,188,105,65
2026-05-06,2,1780,254,115,47
2026-05-06,3,764,85,46,34
2026-05-06,4,894,140,70,41
2026-05-06,5,642,100,53,19
2026-05-06,6,1498,202,119,58
2026-05-07,1,2153,219,128,65
2026-05-07,2,1742,213,124,56
2026-05-07,3,767,110,58,37
2026-05-07,4,951,122,55,43
2026-05-07,5,478,59,32,12
2026-05-07,6,1320,206,96,55
2026-05-08,1,2021,311,147,77
2026-05-08,2,1452,160,91,47
2026-05-08,3,700,78,40,33
2026-05-08,4,1184,125,67,54
2026-05-08,5,613,89,44,15
2026-05-08,6,1296,174,78,55
2026-05-09,1,2150,279,166,76
2026-05-09,2,1644,189,87,47
2026-05-09,3,788,93,53,34
2026-05-09,4,951,118,68,33
2026-05-09,5,482,59,34,13
2026-05-09,6,1415,151,90,60
2026-05-10,1,2398,326,169,84
2026-05-10,2,1498,199,112,45
2026-05-10,3,788,85,42,38
2026-05-10,4,812,98,55,31
2026-05-10,5,697,111,55,19
2026-05-10,6,1347,149,86,50
2026-05-11,1,1804,234,122,66
2026-05-11,2,1727,233,112,46
2026-05-11,3,936,96,49,39
2026-05-11,4,1006,149,79,38
2026-05-11,5,637,83,46,17
2026-05-11,6,1516,229,115,54
2026-05-12,1,2081,295,139,64
2026-05-12,2,1468,191,100,40
2026-05-12,3,737,95,48,34
2026-05-12,4,790,86,47,37
2026-05-12,5,536,64,37,13
2026-05-12,6,1012,155,71,42
2026-05-13,1,1905,212,124,73
2026-05-13,2,1764,214,101,49
2026-05-13,3,911,120,55,44
2026-05-13,4,924,128,75,42
2026-05-13,5,594,62,33,18
2026-05-13,6,1078,152,83,41
2026-05-14,1,1759,197,115,67
2026-05-14,2,1979,276,142,57
2026-05-14,3,761,118,65,34
2026-05-14,4,864,90,42,41
2026-05-14,5,694,101,60,18
2026-05-14,6,1244,139,77,45
2026-05-15,1,1976,281,141,73
2026-05-15,2,1413,166,91,41
2026-05-15,3,799,100,50,36
2026-05-15,4,906,110,54,40
2026-05-15,5,541,75,42,13
2026-05-15,6,1119,124,57,35
2026-05-16,1,1765,210,114,60
2026-05-16,2,1705,217,119,47
2026-05-16,3,785,105,56,40
2026-05-16,4,934,138,65,40
2026-05-16,5,635,88,47,16
2026-05-16,6,1492,236,134,60
2026-05-17,1,2259,280,155,70
2026-05-17,2,1749,204,92,60
2026-05-17,3,680,72,36,37
2026-05-17,4,988,144,83,42
2026-05-17,5,661,97,50,16
2026-05-17,6,1207,183,92,50
2026-05-18,1,1611,206,102,57
2026-05-18,2,1727,230,122,57
2026-05-18,3,763,87,41,40
2026-05-18,4,969,109,62,34
2026-05-18,5,682,73,42,18
2026-05-18,6,1359,147,68,53
2026-05-19,1,1836,208,117,63
2026-05-19,2,1496,235,129,45
2026-05-19,3,836,115,57,36
2026-05-19,4,857,120,61,36
2026-05-19,5,686,82,41,21
2026-05-19,6,1254,141,78,40
2026-05-20,1,1610,227,109,63
2026-05-20,2,1484,149,71,37
2026-05-20,3,918,132,71,43
2026-05-20,4,788,82,48,35
2026-05-20,5,680,107,60,18
2026-05-20,6,990,152,73,40
2026-05-21,1,2175,229,104,78
2026-05-21,2,1532,224,116,50
2026-05-21,3,703,95,44,29
2026-05-21,4,1032,156,87,47
2026-05-21,5,591,72,35,15
2026-05-21,6,1368,137,68,49
2026-05-22,1,1668,221,127,65
2026-05-22,2,1740,276,144,47
2026-05-22,3,651,72,40,36
2026-05-22,4,1008,144,76,38
2026-05-22,5,661,101,59,17
2026-05-22,6,1385,183,82,61
2026-05-23,1,2156,297,172,76
2026-05-23,2,1799,184,102,48
2026-05-23,3,833,128,76,36
2026-05-23,4,1029,107,55,38
2026-05-23,5,649,70,40,20
2026-05-23,6,1300,167,77,45
2026-05-24,1,2219,284,141,65
2026-05-24,2,1565,246,142,46
2026-05-24,3,667,82,42,32
2026-05-24,4,832,129,76,39
2026-05-24,5,510,53,28,15
2026-05-24,6,1131,117,54,50
2026-05-25,1,1712,200,107,49
2026-05-25,2,1314,148,86,43
2026-05-25,3,724,98,57,33
2026-05-25,4,772,82,44,27
2026-05-25,5,611,90,52,13
2026-05-25,6,1222,153,74,48
2026-05-26,1,1975,244,114,77
2026-05-26,2,1644,174,78,42
2026-05-26,3,653,82,40,28
2026-05-26,4,852,130,66,30
2026-05-26,5,616,93,43,16
2026-05-26,6,1234,153,89,41
2026-05-27,1,1480,210,105,57
2026-05-27,2,1606,253,136,40
2026-05-27,3,632,68,32,33
2026-05-27,4,944,108,50,45
2026-05-27,5,489,73,42,15
2026-05-27,6,1077,161,78,46
2026-05-28,1,1778,259,147,68
2026-05-28,2,1552,195,100,44
2026-05-28,3,814,93,49,41
2026-05-28,4,851,128,66,40
2026-05-28,5,466,58,30,12
2026-05-28,6,1070,154,75,39
2026-05-29,1,1534,192,98,58
2026-05-29,2,1564,207,93,39
2026-05-29,3,748,96,44,33
2026-05-29,4,760,92,48,36
2026-05-29,5,558,78,36,14
2026-05-29,6,1089,141,63,40
2026-05-30,1,1427,201,90,56
2026-05-30,2,1439,198,106,42
2026-05-30,3,633,64,35,26
2026-05-30,4,957,145,69,38
2026-05-30,5,567,64,35,17
2026-05-30,6,1007,123,59,38
2026-05-31,1,1638,223,126,46
2026-05-31,2,1390,202,96,37
2026-05-31,3,723,99,55,40
2026-05-31,4,882,105,61,37
2026-05-31,5,442,53,28,11
2026-05-31,6,1250,152,89,47
2026-06-01,1,1444,183,90,42
2026-06-01,2,1504,168,95,41
2026-06-01,3,569,60,30,24
2026-06-01,4,773,120,68,27
2026-06-01,5,426,64,34,9
2026-06-01,6,950,151,74,30
2026-06-02,1,1888,283,146,66
2026-06-02,2,1672,225,111,46
2026-06-02,3,580,77,37,24
2026-06-02,4,826,92,45,32
2026-06-02,5,457,49,26,13
2026-06-02,6,1257,149,82,49
2026-06-03,1,1486,179,94,58
2026-06-03,2,1703,224,110,44
2026-06-03,3,766,96,47,39
2026-06-03,4,873,126,70,37
2026-06-03,5,593,60,35,14
2026-06-03,6,865,115,59,34
2026-06-04,1,1625,165,97,47
2026-06-04,2,1226,156,87,41
2026-06-04,3,637,95,44,27
2026-06-04,4,917,132,70,36
2026-06-04,5,592,72,36,16
2026-06-04,6,927,121,70,31
2026-06-05,1,1697,225,120,66
2026-06-05,2,1266,201,91,37
2026-06-05,3,701,96,46,38
2026-06-05,4,958,99,51,35
2026-06-05,5,426,47,21,10
2026-06-05,6,1239,159,82,43
2026-06-06,1,1503,238,142,58
2026-06-06,2,1178,185,96,35
2026-06-06,3,688,83,43,38
2026-06-06,4,738,76,35,31
2026-06-06,5,578,81,42,17
2026-06-06,6,1228,145,66,42
2026-06-07,1,1671,178,97,65
2026-06-07,2,1601,243,117,46
2026-06-07,3,727,83,38,32
2026-06-07,4,834,127,66,39
2026-06-07,5,395,58,31,11
2026-06-07,6,1158,156,86,47
2026-06-08,1,1704,179,93,61
2026-06-08,2,1199,190,108,32
2026-06-08,3,773,81,47,40
2026-06-08,4,840,112,65,30
2026-06-08,5,397,59,27,11
2026-06-08,6,889,116,62,30
2026-06-09,1,1702,234,114,48
2026-06-09,2,1206,186,89,39
2026-06-09,3,535,73,42,25
2026-06-09,4,875,93,49,32
2026-06-09,5,395,62,35,10
2026-06-09,6,1004,125,71,32
2026-06-10,1,1301,195,100,39
2026-06-10,2,1438,145,69,45
2026-06-10,3,572,60,33,31
2026-06-10,4,898,116,59,32
2026-06-10,5,528,83,45,16
2026-06-10,6,1116,163,97,38
2026-06-11,1,1867,247,139,66
2026-06-11,2,1310,156,80,38
2026-06-11,3,528,74,35,25
2026-06-11,4,907,94,53,36
2026-06-11,5,535,79,38,12
2026-06-11,6,922,117,65,30
2026-06-12,1,1732,246,128,51
2026-06-12,2,1623,164,92,54
2026-06-12,3,564,59,32,28
2026-06-12,4,653,99,57,29
2026-06-12,5,476,62,35,14
2026-06-12,6,922,113,56,36
2026-06-13,1,1809,193,109,61
2026-06-13,2,1322,193,92,43
2026-06-13,3,594,81,46,33
2026-06-13,4,703,78,40,24
2026-06-13,5,411,53,30,11
2026-06-13,6,1013,108,56,36
2026-06-14,1,1282,134,75,49
2026-06-14,2,1539,185,90,49
2026-06-14,3,610,90,45,32
2026-06-14,4,792,94,51,38
2026-06-14,5,466,55,25,13
2026-06-14,6,911,100,47,34
2026-06-15,1,1385,196,110,46
2026-06-15,2,1259,183,99,31
2026-06-15,3,617,64,33,29
2026-06-15,4,612,62,33,27
2026-06-15,5,374,45,26,10
2026-06-15,6,1096,165,90,40
2026-06-16,1,1547,193,107,44
2026-06-16,2,1321,180,87,37
2026-06-16,3,691,80,40,39
2026-06-16,4,861,91,46,40
2026-06-16,5,381,39,20,11
2026-06-16,6,1027,151,68,41
2026-06-17,1,1465,184,96,42
2026-06-17,2,1084,126,66,33
2026-06-17,3,622,98,49,32
2026-06-17,4,820,124,72,32
2026-06-17,5,518,72,41,14
2026-06-17,6,853,113,64,37
2026-06-18,1,1214,157,75,36
2026-06-18,2,1086,112,60,32
2026-06-18,3,630,96,56,28
2026-06-18,4,846,116,69,37
2026-06-18,5,431,52,25,11
2026-06-18,6,857,92,50,29
2026-06-19,1,1253,134,80,47
2026-06-19,2,1178,157,84,36
2026-06-19,3,608,73,38,27
2026-06-19,4,593,88,44,27
2026-06-19,5,453,52,24,11
2026-06-19,6,1036,140,67,37
2026-06-20,1,1298,152,78,37
2026-06-20,2,1314,182,96,41
2026-06-20,3,495,56,26,21
2026-06-20,4,628,92,49,24
2026-06-20,5,411,57,29,10
2026-06-20,6,922,116,56,29
2026-06-21,1,1669,254,144,47
2026-06-21,2,1335,147,76,35
2026-06-21,3,629,99,56,26
2026-06-21,4,645,84,44,29
2026-06-21,5,505,61,35,13
2026-06-21,6,1025,114,55,37
2026-06-22,1,1329,166,99,44
2026-06-22,2,1324,182,104,44
2026-06-22,3,504,70,40,28
2026-06-22,4,631,83,43,30
2026-06-22,5,444,61,33,10
2026-06-22,6,775,90,49,25
2026-06-23,1,1234,134,75,36
2026-06-23,2,1032,154,85,35
2026-06-23,3,532,73,42,24
2026-06-23,4,667,98,45,31
2026-06-23,5,438,69,40,11
2026-06-23,6,785,90,46,33
2026-06-24,1,1354,216,121,45
2026-06-24,2,1448,152,80,36
2026-06-24,3,500,74,39,26
2026-06-24,4,855,123,67,38
2026-06-24,5,446,67,34,10
2026-06-24,6,1011,142,65,37
2026-06-25,1,1230,180,81,46
2026-06-25,2,1407,203,93,40
2026-06-25,3,668,87,44,34
2026-06-25,4,580,67,38,25
2026-06-25,5,497,73,33,11
2026-06-25,6,798,121,66,26
2026-06-26,1,1596,192,99,58
2026-06-26,2,1224,154,83,40
2026-06-26,3,660,73,33,36
2026-06-26,4,755,90,48,37
2026-06-26,5,494,61,29,14
2026-06-26,6,785,95,54,26
2026-06-27,1,1668,260,145,59
2026-06-27,2,1301,157,82,34
2026-06-27,3,670,96,46,28
2026-06-27,4,689,106,53,29
2026-06-27,5,377,46,21,9
2026-06-27,6,835,125,67,30
2026-06-28,1,1343,180,83,45
2026-06-28,2,1200,180,97,40
2026-06-28,3,480,75,44,21
2026-06-28,4,807,82,41,30
2026-06-28,5,419,44,20,9
2026-06-28,6,894,110,62,28
2026-06-29,1,1746,192,97,51
2026-06-29,2,1426,167,86,42
2026-06-29,3,560,76,45,27
2026-06-29,4,825,101,48,38
2026-06-29,5,444,63,34,10
2026-06-29,6,1013,117,53,37
2026-06-30,1,1679,183,94,54
2026-06-30,2,1116,139,80,30
2026-06-30,3,591,79,46,25
2026-06-30,4,714,76,34,25
2026-06-30,5,516,78,42,15
2026-06-30,6,1101,132,66,46
